{
  "trained_at": "2026-06-28T02:49:32.886569",
  "accuracy": 0.4791909762738234,
  "architecture": "LSTM-128+LSTM-64+Attention+Dense-64-32-3",
  "sequence_len": 20,
  "n_features": 32,
  "n_samples": 38561,
  "pairs_used": [
    "EURUSD",
    "GBPUSD",
    "USDJPY",
    "AUDUSD",
    "XAUUSD",
    "BTCUSD"
  ],
  "model_size_kb": 567.474609375,
  "version": "2.1-LSTM-32feat",
  "scaler_mean": [
    0.5065820234593086,
    0.5063360122514787,
    0.5064984788511644,
    -3.909526229446065e-05,
    -0.00011204131712936299,
    -0.0002687251773591386,
    -0.0009073621806289909,
    0.28858764676913506,
    0.25276690598999507,
    -0.00012831863927596573,
    0.4988984215028123,
    0.03869780461885384,
    0.03872372411290532,
    0.5079183444789669,
    0.0654552981691779,
    0.5220963686788834,
    0.2005028864168439,
    0.054264054796680256,
    0.47093128742126955,
    0.4775216164722684,
    0.49252222596614914,
    0.08374588528031933,
    0.07534796920764107,
    0.09958269614577124,
    -0.00019686307426955622,
    -0.0004155147053652354,
    -0.0008302063464669351,
    -0.0003994628505898827,
    0.17270995753247034,
    0.1628178599614934,
    0.5244338049124297,
    0.5244373494295768
  ],
  "scaler_scale": [
    0.17093596919572457,
    0.23199853701129752,
    0.14329312401340935,
    0.003329420454882721,
    0.005866730679640079,
    0.009277953223360641,
    0.01900791085073884,
    0.45310574582694046,
    0.4345984321488517,
    0.9073828965488867,
    0.49999878652334206,
    0.19287375284505368,
    0.1929357336102696,
    0.3047478911769794,
    0.07555480824573552,
    0.49951151187055415,
    0.04807550626648974,
    0.05270546375484651,
    0.49915429473161416,
    0.2755938114037098,
    0.4999440797684263,
    0.27700633923961904,
    0.26395198946764054,
    0.29944278714657707,
    0.059956800959840656,
    0.05953920052159534,
    0.06736852809699677,
    0.0840863138313694,
    0.1959217716384761,
    0.19944452621963674,
    0.29765370608685865,
    0.27646158150738404
  ]
}