{
  "trained_at": "2026-06-21T03:03:11.179492",
  "accuracy": 0.4775171698846702,
  "architecture": "LSTM-128+LSTM-64+Attention+Dense-64-32-3",
  "sequence_len": 20,
  "n_features": 32,
  "n_samples": 38581,
  "pairs_used": [
    "EURUSD",
    "GBPUSD",
    "USDJPY",
    "AUDUSD",
    "XAUUSD",
    "BTCUSD"
  ],
  "model_size_kb": 567.4482421875,
  "version": "2.1-LSTM-32feat",
  "scaler_mean": [
    0.5081390672448051,
    0.5076432507052164,
    0.508185091557803,
    -2.1648453368669622e-05,
    -5.866025357332301e-05,
    -0.00013386496368454493,
    -0.0004911954356505107,
    0.29558819719696383,
    0.2442682832050983,
    -0.001036570994647549,
    0.4965415403746017,
    0.038625942333100176,
    0.038625942333100176,
    0.5104066741337657,
    0.06510480475327746,
    0.522525323178156,
    0.20036018825804464,
    0.05385810329251917,
    0.46972876350353615,
    0.4778485107847612,
    0.49369187326753194,
    0.08354705836636357,
    0.0756457086603974,
    0.0999715033289293,
    4.174652977731812e-05,
    0.00013139359576679535,
    0.0003070217449494771,
    8.991743652417244e-05,
    0.172671211821652,
    0.1608892119365232,
    0.5262715985898812,
    0.5262751226219383
  ],
  "scaler_scale": [
    0.17091317777284318,
    0.23215215036130116,
    0.14335916417703556,
    0.003302050812549484,
    0.00583363750250222,
    0.00922518213684111,
    0.01887883909199374,
    0.4563067114067167,
    0.42965252126006687,
    0.9023034336009065,
    0.49998803891395194,
    0.1927017875163077,
    0.1927017875163077,
    0.3047952652486737,
    0.07492605354836125,
    0.4994923521093387,
    0.04795401196091132,
    0.05198205236351818,
    0.4990828110053232,
    0.2755169208228361,
    0.49996020595356105,
    0.2767073316786005,
    0.26443039806660595,
    0.2999620006785578,
    0.059408362532369294,
    0.05934270420341775,
    0.06699257676795091,
    0.08355717306279159,
    0.19505806395088313,
    0.19650600908400018,
    0.2976429034849501,
    0.27645819506423885
  ]
}