{
  "trained_at": "2026-06-12T02:54:50.956171",
  "accuracy": 0.4770665975641358,
  "architecture": "LSTM-128+LSTM-64+Attention+Dense-64-32-3",
  "sequence_len": 20,
  "n_features": 32,
  "n_samples": 38589,
  "pairs_used": [
    "EURUSD",
    "GBPUSD",
    "USDJPY",
    "AUDUSD",
    "XAUUSD",
    "BTCUSD"
  ],
  "model_size_kb": 567.4609375,
  "version": "2.1-LSTM-32feat",
  "scaler_mean": [
    0.5080274392788957,
    0.5078452901646378,
    0.50784740919616,
    -2.4737424676624582e-05,
    -7.531784942184949e-05,
    -0.0001846947078505371,
    -0.0006031754624056728,
    0.2930663834857158,
    0.24820637675153462,
    0.0004542535468435752,
    0.4977595897329638,
    0.03859203812582558,
    0.0385402367323681,
    0.5100037282603755,
    0.06509618027308056,
    0.5205522028542567,
    0.20040382961310918,
    0.053790004444361966,
    0.4712113755860033,
    0.4777409343612609,
    0.4943665984614986,
    0.08371105182729416,
    0.0751638219068093,
    0.10111632002900878,
    1.526191955461776e-05,
    -6.835913690734518e-05,
    -0.0001690399949392979,
    -3.4885707757073606e-05,
    0.17211058186128456,
    0.1612497003344602,
    0.5261429262065117,
    0.5261071993956663
  ],
  "scaler_scale": [
    0.17187411058548205,
    0.23298163742434716,
    0.1438396289414784,
    0.0032986028570828677,
    0.005820590393359864,
    0.00918592377433017,
    0.01885102560825952,
    0.4551686262873565,
    0.43197218809943067,
    0.9035163539508964,
    0.49999498053664027,
    0.1926205926663097,
    0.19249645940894897,
    0.3053709720249085,
    0.07471205425105468,
    0.49957742839107283,
    0.04769795379129921,
    0.05171780368999536,
    0.4991705270790233,
    0.27557591952262295,
    0.4999682637799184,
    0.27695398828914203,
    0.26365549829876633,
    0.30148268582590254,
    0.05930620849698699,
    0.05917634431993163,
    0.06644740361104827,
    0.08353673309721546,
    0.19373558918250053,
    0.19641557254413203,
    0.29849966752216617,
    0.277357177268477
  ]
}