{
  "trained_at": "2026-05-24T02:40:11.820356",
  "accuracy": 0.4626943005181347,
  "architecture": "LSTM-128+LSTM-64+Attention+Dense-64-32-3",
  "sequence_len": 20,
  "n_features": 32,
  "n_samples": 38600,
  "pairs_used": [
    "EURUSD",
    "GBPUSD",
    "USDJPY",
    "AUDUSD",
    "XAUUSD",
    "BTCUSD"
  ],
  "model_size_kb": 567.412109375,
  "version": "2.1-LSTM-32feat",
  "scaler_mean": [
    0.5093191794224374,
    0.5092613084677838,
    0.5092416218183414,
    3.043139524729541e-06,
    8.099340755458304e-06,
    2.7800812114191638e-05,
    0.00025306544173192184,
    0.30455722423614706,
    0.23019161056447437,
    -0.0005333156840773679,
    0.4978767477990678,
    0.03876229932677369,
    0.038710512687726566,
    0.5123629142338412,
    0.06478637397896493,
    0.5227602278612118,
    0.20045938742784025,
    0.05335258900154096,
    0.47099948213360954,
    0.4783860901829863,
    0.496090108751942,
    0.08353184878301398,
    0.07553081305023304,
    0.10217503883997929,
    0.00039340034831846535,
    0.000748545552789374,
    0.0015219732540826354,
    0.0007656845964227403,
    0.17245590148610412,
    0.15926933566927207,
    0.5269507663117109,
    0.5269079933626497
  ],
  "scaler_scale": [
    0.17173367031390402,
    0.23261865836500425,
    0.14346082089156834,
    0.003251764837935498,
    0.005713043726042241,
    0.008915325618754985,
    0.01769330371382856,
    0.4602196447368586,
    0.42095538123441034,
    0.8967122527002396,
    0.4999954917797673,
    0.19302793444907218,
    0.1929041443183115,
    0.3051665043255278,
    0.07333598303539719,
    0.4994817033963364,
    0.04732198962169039,
    0.04989896887060305,
    0.4991582614396772,
    0.2755147411555767,
    0.4999847125167212,
    0.27668443942857657,
    0.26424592585355744,
    0.30287835888030695,
    0.05856159705010158,
    0.05820883831903782,
    0.06450399858161675,
    0.08261491010711797,
    0.19059345165922992,
    0.19128070841993694,
    0.2988566300128281,
    0.2777195151957501
  ]
}