{
  "trained_at": "2026-07-12T00:50:32.264364",
  "accuracy": 0.47861031890070005,
  "architecture": "LSTM-128+LSTM-64+Attention+Dense-64-32-3",
  "sequence_len": 20,
  "n_features": 32,
  "n_samples": 38566,
  "pairs_used": [
    "EURUSD",
    "GBPUSD",
    "USDJPY",
    "AUDUSD",
    "XAUUSD",
    "BTCUSD"
  ],
  "model_size_kb": 567.4462890625,
  "version": "2.1-LSTM-32feat",
  "scaler_mean": [
    0.5072672320081366,
    0.5066094888612018,
    0.5074168858992812,
    -4.049945342927832e-05,
    -0.00011314814957855865,
    -0.00027344333639244233,
    -0.001137092218391513,
    0.28792826413725187,
    0.25063494531695435,
    -0.0005570031486431175,
    0.498341367335303,
    0.03864095786036386,
    0.03871870626652154,
    0.5091172041731644,
    0.0657725555599403,
    0.5217177214533769,
    0.2004518580815289,
    0.05477178292698904,
    0.4683563986938268,
    0.47657404857924274,
    0.4916809205411289,
    0.08420152386876069,
    0.07513087648369875,
    0.09962162442336599,
    -0.00022110505647515458,
    -0.00040603648810378257,
    -0.0008464979696560567,
    -0.0004356712059871282,
    0.174110855584748,
    0.16382097058270298,
    0.5245020128688502,
    0.5245281444379947
  ],
  "scaler_scale": [
    0.1709533087438738,
    0.23218245586233546,
    0.1431746563187707,
    0.0033406699987368876,
    0.005868712675229616,
    0.009257460764432908,
    0.018891281472146436,
    0.4527975031381697,
    0.4333786675678923,
    0.909274420248532,
    0.49999724893011516,
    0.19273773433346528,
    0.19292373636120663,
    0.30472744178788197,
    0.07567678928441252,
    0.49952811790215923,
    0.048244078416767366,
    0.05327338327353759,
    0.4989976778466768,
    0.27539666825311854,
    0.4999307881266736,
    0.27768980400248616,
    0.26360240492546716,
    0.299494835298734,
    0.06024661974394718,
    0.05947160882900729,
    0.06709990020500002,
    0.0842844764086863,
    0.19737185990920889,
    0.20094772982113257,
    0.2974603217885478,
    0.27630406658275736
  ]
}