{
  "trained_at": "2026-06-11T02:59:08.263792",
  "accuracy": 0.4747343871469293,
  "architecture": "LSTM-128+LSTM-64+Attention+Dense-64-32-3",
  "sequence_len": 20,
  "n_features": 32,
  "n_samples": 38589,
  "pairs_used": [
    "EURUSD",
    "GBPUSD",
    "USDJPY",
    "AUDUSD",
    "XAUUSD",
    "BTCUSD"
  ],
  "model_size_kb": 567.4189453125,
  "version": "2.1-LSTM-32feat",
  "scaler_mean": [
    0.5081696300040388,
    0.507811685943777,
    0.5079493022179191,
    -2.8831094736287787e-05,
    -7.904981635924069e-05,
    -0.00018137495938043356,
    -0.0005515115198998495,
    0.29386930508430675,
    0.24556450568520294,
    -0.0008319040645804865,
    0.4978890932166075,
    0.0385402367323681,
    0.03859203812582558,
    0.5101949257036603,
    0.06502926448785741,
    0.5220026418710664,
    0.2002974820659958,
    0.05373905808069839,
    0.4703048512004973,
    0.4778245867938915,
    0.49408169079748243,
    0.08363334973710793,
    0.07521562330026678,
    0.10096091584863633,
    -6.951760324157073e-05,
    -8.707682669457505e-05,
    -6.691691387113211e-05,
    -9.170328587416015e-05,
    0.17201304683017352,
    0.16120906705109175,
    0.5261142551264784,
    0.5261420205709036
  ],
  "scaler_scale": [
    0.17179643472659642,
    0.23297857970744387,
    0.14373736188865338,
    0.003292137146418304,
    0.005810163980628658,
    0.00917135184906012,
    0.018821179174796327,
    0.455532805200211,
    0.43042139727572193,
    0.9019472755153638,
    0.4999955440526963,
    0.19249645940894897,
    0.19262059266630974,
    0.3051987008747028,
    0.07460688507610712,
    0.49951564915495256,
    0.047667015184081445,
    0.051607079348518936,
    0.49911741918888736,
    0.27555108547469603,
    0.4999649723892499,
    0.2768371589018687,
    0.26373894917478374,
    0.3012769644689765,
    0.059164991715348024,
    0.05907628657949208,
    0.0664076720620762,
    0.08341032141596308,
    0.19326387119997956,
    0.19615953026025212,
    0.2985297179697685,
    0.27737961912768094
  ]
}