{
  "trained_at": "2026-05-20T02:41:28.339151",
  "accuracy": 0.47752881751068516,
  "architecture": "LSTM-128+LSTM-64+Attention+Dense-64-32-3",
  "sequence_len": 20,
  "n_features": 32,
  "n_samples": 38603,
  "pairs_used": [
    "EURUSD",
    "GBPUSD",
    "USDJPY",
    "AUDUSD",
    "XAUUSD",
    "BTCUSD"
  ],
  "model_size_kb": 567.4619140625,
  "version": "2.1-LSTM-32feat",
  "scaler_mean": [
    0.5095528187603682,
    0.5096256942396864,
    0.509506958344646,
    2.8809423618809037e-06,
    1.0953912425079456e-05,
    4.752286554939801e-05,
    0.00041682184291137644,
    0.3084431556326541,
    0.22740336069181577,
    -0.0016539628044081058,
    0.4972943582839241,
    0.038681614581984824,
    0.038629831965409214,
    0.5125140536113277,
    0.06478852767640196,
    0.5218393185407658,
    0.20037152926256394,
    0.0546551971413778,
    0.468347875618155,
    0.4759344359962391,
    0.4961810320275484,
    0.0894544701343759,
    0.07487766356834011,
    0.10234834166170416,
    0.00042567036902503764,
    0.0008121014820199263,
    0.001786851700596945,
    0.0008212486330766111,
    0.17438113031564986,
    0.1581975042804819,
    0.5290772476279181,
    0.5290624150630435
  ],
  "scaler_scale": [
    0.17229266492071,
    0.23307304487321295,
    0.14391313019269664,
    0.0033246078573192436,
    0.0058498312391808555,
    0.009141062548432348,
    0.017969660026403562,
    0.4618505985446208,
    0.41915518872833213,
    0.9121192392881335,
    0.4999926794493138,
    0.192835026059364,
    0.19271109995984523,
    0.30555967203105555,
    0.0747503754686729,
    0.49952281646154556,
    0.04794847790185599,
    0.05359385823937416,
    0.4989971372884981,
    0.2765915495058805,
    0.4999854152709111,
    0.28539861230803826,
    0.2631938431401589,
    0.3031058538214055,
    0.05877763495284994,
    0.05922491366975518,
    0.0657892621988126,
    0.0832341889842372,
    0.19237273663520507,
    0.18945624433141423,
    0.29948877384725164,
    0.2785659877587724
  ]
}