{
  "trained_at": "2026-07-15T00:45:56.399218",
  "accuracy": 0.48043534594454523,
  "architecture": "LSTM-128+LSTM-64+Attention+Dense-64-32-3",
  "sequence_len": 20,
  "n_features": 32,
  "n_samples": 38588,
  "pairs_used": [
    "EURUSD",
    "GBPUSD",
    "USDJPY",
    "AUDUSD",
    "XAUUSD",
    "BTCUSD"
  ],
  "model_size_kb": 567.3984375,
  "version": "2.1-LSTM-32feat",
  "scaler_mean": [
    0.5073606380539565,
    0.506869598720734,
    0.507362753277416,
    -3.668550971439048e-05,
    -0.00010999383998339077,
    -0.0002749546600942605,
    -0.0011369978991643745,
    0.2878677994198094,
    0.25098425196850394,
    0.001176081893138463,
    0.4982387070037298,
    0.03869664318276005,
    0.038567136344799004,
    0.5091935350979253,
    0.06570582523294015,
    0.5207987981765437,
    0.20036253440883253,
    0.054702085971596696,
    0.4682708246995441,
    0.47634002479471454,
    0.4918928719436386,
    0.08456796518856195,
    0.07503626191462909,
    0.09943535018648984,
    -0.0001531076340572916,
    -0.0004118092827497255,
    -0.0008684883384766017,
    -0.00032273860104440726,
    0.17377791307559998,
    0.1634335643198865,
    0.5249222231774143,
    0.5248755394672553
  ],
  "scaler_scale": [
    0.17096708308011122,
    0.2324239928569455,
    0.14326170684032621,
    0.00334277712880992,
    0.005873692687835171,
    0.009263026925918526,
    0.01888759111232372,
    0.4527691790272454,
    0.43357947049222073,
    0.9090260249775524,
    0.49999689783735796,
    0.19287097497847153,
    0.19256093149691786,
    0.30484515682256375,
    0.07565825730089333,
    0.49956722269821846,
    0.04808611844045049,
    0.05325309008900954,
    0.49899224386231994,
    0.27540109809778485,
    0.49993427015426517,
    0.27823771213196125,
    0.2634498459147553,
    0.29924565380265755,
    0.06028949696506114,
    0.05947453615418678,
    0.06710350731476106,
    0.08433930508535577,
    0.19735858966531572,
    0.20078069266601004,
    0.2974408783133944,
    0.2763415696945763
  ]
}