{
  "trained_at": "2026-06-09T02:34:28.718592",
  "accuracy": 0.4765483285825343,
  "architecture": "LSTM-128+LSTM-64+Attention+Dense-64-32-3",
  "sequence_len": 20,
  "n_features": 32,
  "n_samples": 38589,
  "pairs_used": [
    "EURUSD",
    "GBPUSD",
    "USDJPY",
    "AUDUSD",
    "XAUUSD",
    "BTCUSD"
  ],
  "model_size_kb": 567.40625,
  "version": "2.1-LSTM-32feat",
  "scaler_mean": [
    0.5082783141882329,
    0.5080243475330416,
    0.5080875842508433,
    -2.2599252891796654e-05,
    -6.37714716802944e-05,
    -0.00014635208959769754,
    -0.00036424452622030697,
    0.2959931622160636,
    0.2435183506436323,
    -0.0004090997402779427,
    0.49752648346240513,
    0.03846253464218188,
    0.03841073324872439,
    0.510325731799694,
    0.06507775152175492,
    0.5196715791654796,
    0.2005758042025594,
    0.053727314898283404,
    0.47323162993084517,
    0.4777696904757804,
    0.49431479706804116,
    0.08389235670439535,
    0.07534512678391049,
    0.10132352560283872,
    2.7884591297776106e-05,
    5.419304499453615e-05,
    0.00018605495828836013,
    6.711485081891313e-05,
    0.17229256497124126,
    0.16096021109321454,
    0.5264191332909224,
    0.5264358490024088
  ],
  "scaler_scale": [
    0.17205518777778425,
    0.23309977242706084,
    0.1439237754886311,
    0.0032886876445869036,
    0.005803423860238442,
    0.00915772241890479,
    0.0186963744274728,
    0.45648790798596045,
    0.4292052697060432,
    0.9009223045551492,
    0.49999388167850445,
    0.19231008312379472,
    0.1921857144015125,
    0.30547271313067104,
    0.07449051722779612,
    0.49961287911055324,
    0.047669071200408794,
    0.05144248363652856,
    0.4992829401890684,
    0.2756403202007832,
    0.49996767742287346,
    0.27722631403057296,
    0.26394741645605646,
    0.3017566383068475,
    0.05910674652429043,
    0.05900972683995455,
    0.06631929518167834,
    0.08335236976954975,
    0.1931242791895244,
    0.19552730560962162,
    0.2988461446865212,
    0.2777553982062336
  ]
}