{
  "trained_at": "2026-06-04T02:59:50.437151",
  "accuracy": 0.47447525265612855,
  "architecture": "LSTM-128+LSTM-64+Attention+Dense-64-32-3",
  "sequence_len": 20,
  "n_features": 32,
  "n_samples": 38589,
  "pairs_used": [
    "EURUSD",
    "GBPUSD",
    "USDJPY",
    "AUDUSD",
    "XAUUSD",
    "BTCUSD"
  ],
  "model_size_kb": 567.42578125,
  "version": "2.1-LSTM-32feat",
  "scaler_mean": [
    0.509079517514548,
    0.5088454366514628,
    0.5090233171019792,
    -9.76263927812331e-06,
    -2.3348211891825474e-05,
    -3.85234614539084e-05,
    7.021228035225689e-06,
    0.30106969877489703,
    0.2360589499857546,
    -0.001523686086480799,
    0.4966458597736279,
    0.03861793882255433,
    0.03861793882255433,
    0.5114560562413618,
    0.06461843827857507,
    0.5210184153953742,
    0.20038491171653258,
    0.053218269755025034,
    0.47071926234815714,
    0.4782418055149455,
    0.49524722215027583,
    0.0833743427698205,
    0.07539692817736797,
    0.10166023466031236,
    0.00019697664961737792,
    0.00047311482374027126,
    0.0010545418534454688,
    0.00041952732460327915,
    0.17147848552704634,
    0.15911118083930303,
    0.5272815228100428,
    0.5272955234441473
  ],
  "scaler_scale": [
    0.17169485638675086,
    0.23257314953360592,
    0.1436834867042023,
    0.0032594902179256813,
    0.005751650442578095,
    0.009021090300043687,
    0.01796107712063298,
    0.45872293953375587,
    0.42465883025951273,
    0.8965668070299514,
    0.49998874961677076,
    0.19268262408336612,
    0.19268262408336612,
    0.3053205686802992,
    0.07381021145476435,
    0.49955803087756234,
    0.04748293794406777,
    0.050265353003461674,
    0.4991419020705074,
    0.2755510723149562,
    0.4999774105924299,
    0.27644721329310046,
    0.26403073949596245,
    0.3022009784053033,
    0.05860261194954579,
    0.05856544357779432,
    0.06522731450672303,
    0.0828033380547742,
    0.1909844620770099,
    0.1926650873770215,
    0.2985327886970663,
    0.27742627432868805
  ]
}