{
  "trained_at": "2026-07-24T00:47:13.772004",
  "accuracy": 0.4802384346248542,
  "architecture": "LSTM-128+LSTM-64+Attention+Dense-64-32-3",
  "sequence_len": 20,
  "n_features": 32,
  "n_samples": 38582,
  "pairs_used": [
    "EURUSD",
    "GBPUSD",
    "USDJPY",
    "AUDUSD",
    "XAUUSD",
    "BTCUSD"
  ],
  "model_size_kb": 567.484375,
  "version": "2.1-LSTM-32feat",
  "scaler_mean": [
    0.5071593652049952,
    0.506424507228022,
    0.5074482686736774,
    -3.658767514463623e-05,
    -0.00010180235158906061,
    -0.00024820044003502753,
    -0.0010981863590913835,
    0.29024402880679756,
    0.24944303403968707,
    -0.000682366876861829,
    0.4966841096316253,
    0.038521320138852906,
    0.03857313092585876,
    0.5086182914324417,
    0.06559691028947652,
    0.5216050981814414,
    0.20037405351441281,
    0.05469457944822712,
    0.4670483394642765,
    0.4758450525893742,
    0.4912957877830164,
    0.08491787990259572,
    0.07499611419097456,
    0.09901041396818817,
    -0.00016131062222782331,
    -0.00029207764404612363,
    -0.0006112154598254442,
    -0.0003301160930836828,
    0.17379943974662793,
    0.16303945508085455,
    0.5239562462423053,
    0.5239819104349392
  ],
  "scaler_scale": [
    0.17073327368115146,
    0.23209829912562788,
    0.14308587047316063,
    0.0033420819249319477,
    0.005877355633297579,
    0.009273495222632227,
    0.018936127726378742,
    0.4538749084811766,
    0.432690659488696,
    0.908792963912885,
    0.4999890047501694,
    0.1924511055660968,
    0.19257529565454473,
    0.30453806088435315,
    0.07578918958520871,
    0.49953300164510683,
    0.048117077071191464,
    0.053360499404766074,
    0.4989130065130979,
    0.2754888774824254,
    0.4999242309487325,
    0.27875945468350316,
    0.26338507369862263,
    0.29867599818873325,
    0.06025705070936462,
    0.05954136700928583,
    0.0671857449975372,
    0.08431308468955884,
    0.19808694804129645,
    0.20062409167838605,
    0.29672451836094066,
    0.27556995974148374
  ]
}