{
  "trained_at": "2026-05-11T02:36:23.846835",
  "accuracy": 0.4666492965085982,
  "architecture": "LSTM-128+LSTM-64+Attention+Dense-64-32-3",
  "sequence_len": 20,
  "n_features": 32,
  "n_samples": 38378,
  "pairs_used": [
    "EURUSD",
    "GBPUSD",
    "USDJPY",
    "AUDUSD",
    "XAUUSD",
    "BTCUSD"
  ],
  "model_size_kb": 567.40625,
  "version": "2.1-LSTM-32feat",
  "scaler_mean": [
    0.5110584967769864,
    0.5111893277623865,
    0.5108549223757849,
    2.267157069893002e-05,
    6.514616788402537e-05,
    0.00015951646212178543,
    0.0006048632542561096,
    0.3114485129433825,
    0.22373561122975155,
    -4.553724863807671e-05,
    0.49742174071566225,
    0.03867388926506589,
    0.03867388926506589,
    0.5145129959437308,
    0.06516879969583791,
    0.5208865045054429,
    0.20036049101121298,
    0.053350009908887004,
    0.4700505234647638,
    0.4788351491212553,
    0.4977342569925517,
    0.08325954476795666,
    0.07549872389186937,
    0.1027918120735455,
    0.0007090215382402346,
    0.0013564701659657926,
    0.0026317212056210125,
    0.0014114913269180202,
    0.17388911980990365,
    0.1582397269469947,
    0.5281669581654882,
    0.5281679219445056
  ],
  "scaler_scale": [
    0.17193298706034169,
    0.23337647580825222,
    0.14345761255293135,
    0.0033457282219933604,
    0.005846894424432658,
    0.009096602762426818,
    0.017965285127416044,
    0.4630856688872354,
    0.4167469106033073,
    0.915952176915689,
    0.49999335253487387,
    0.19281654377718552,
    0.19281654377718552,
    0.30524547947605496,
    0.07499264839566562,
    0.49956356345268427,
    0.04754321967340761,
    0.04994826330909205,
    0.49910222285145683,
    0.2759274438823238,
    0.49999486638227014,
    0.2762741264993689,
    0.2641943727307011,
    0.3036867719282195,
    0.059213327641813196,
    0.059138499826350305,
    0.06527621925647166,
    0.08362128982124047,
    0.19151511640899554,
    0.18910000012396325,
    0.2994084021872266,
    0.27827255460470357
  ]
}