{
  "trained_at": "2026-07-01T01:13:16.134673",
  "accuracy": 0.4767336357744653,
  "architecture": "LSTM-128+LSTM-64+Attention+Dense-64-32-3",
  "sequence_len": 20,
  "n_features": 32,
  "n_samples": 38574,
  "pairs_used": [
    "EURUSD",
    "GBPUSD",
    "USDJPY",
    "AUDUSD",
    "XAUUSD",
    "BTCUSD"
  ],
  "model_size_kb": 567.408203125,
  "version": "2.1-LSTM-32feat",
  "scaler_mean": [
    0.5067381523064035,
    0.50640930488869,
    0.5066645004116039,
    -4.220827683663797e-05,
    -0.00011923530032865148,
    -0.0002837321446290279,
    -0.001020335044862726,
    0.28597709488521533,
    0.2553246618645385,
    -0.0008132710152697161,
    0.5001036430533243,
    0.03873659117997616,
    0.03868476965331399,
    0.5083199514116815,
    0.06546139821647197,
    0.5210395398248432,
    0.2004714940498734,
    0.05436838586989504,
    0.4696584961392963,
    0.47733180935421754,
    0.4921749494740115,
    0.08382131937606882,
    0.0754262320567964,
    0.09986008187801212,
    -0.0002442016202443116,
    -0.000493915610514659,
    -0.0008756026876977002,
    -0.0004894433604020966,
    0.17271013992393106,
    0.16304907612424227,
    0.5245866881712032,
    0.5245577311801188
  ],
  "scaler_scale": [
    0.17108593314555015,
    0.2319260415828559,
    0.14337176466508117,
    0.0033303241169452824,
    0.005866102227592634,
    0.009274831453698534,
    0.019047054548315484,
    0.4518785191688446,
    0.43604355161875474,
    0.9074492745657116,
    0.4999999892581174,
    0.19296649368149787,
    0.19284257374911806,
    0.30499790551998773,
    0.07557102278742414,
    0.49955714164043225,
    0.04815802942246002,
    0.05286321268652545,
    0.4990785440624261,
    0.2755638219722998,
    0.4999387648345203,
    0.2771196597033922,
    0.2640778589251864,
    0.29981335181297186,
    0.059984607489193174,
    0.059513866560887994,
    0.06733660610455466,
    0.0841034622351308,
    0.19592477085083043,
    0.1998785455250899,
    0.29779063844118103,
    0.2766011256878595
  ]
}