{
  "trained_at": "2026-06-25T02:40:01.179913",
  "accuracy": 0.4865810968494749,
  "architecture": "LSTM-128+LSTM-64+Attention+Dense-64-32-3",
  "sequence_len": 20,
  "n_features": 32,
  "n_samples": 38564,
  "pairs_used": [
    "EURUSD",
    "GBPUSD",
    "USDJPY",
    "AUDUSD",
    "XAUUSD",
    "BTCUSD"
  ],
  "model_size_kb": 567.4384765625,
  "version": "2.1-LSTM-32feat",
  "scaler_mean": [
    0.5068111225660243,
    0.5065653911275706,
    0.5067551249746143,
    -3.791150573496986e-05,
    -0.00010542013152111952,
    -0.00023739343368165767,
    -0.0007577191290166676,
    0.2913124611237819,
    0.25077752436243,
    -0.001760107701011061,
    0.4975896744764669,
    0.03910947543023015,
    0.03903172299398715,
    0.5078318449310008,
    0.06498537114131524,
    0.5215892597968069,
    0.20046240583282982,
    0.054716030311606656,
    0.4688990255027991,
    0.47601364678818725,
    0.49320962056811113,
    0.08716048102840555,
    0.07526435828322621,
    0.10011922040223926,
    -0.00014384489625384635,
    -0.00031584998023726906,
    -0.00040510688898448083,
    -0.00033412970222805534,
    0.1727550984441578,
    0.16065057176456113,
    0.5255955110898998,
    0.5255737371272786
  ],
  "scaler_scale": [
    0.17115660232776397,
    0.23223679286094315,
    0.14356861029340212,
    0.0033842222035684235,
    0.005979498176506282,
    0.009457993990967948,
    0.01914145726870199,
    0.4543671545323088,
    0.4334606759985049,
    0.9182187421858569,
    0.4999941902971179,
    0.1938554212855611,
    0.1936704613360225,
    0.30499074749558275,
    0.07652459893237915,
    0.4995336864130646,
    0.04853866501253566,
    0.05521115151218803,
    0.4990317919585128,
    0.27627430831616767,
    0.49995388862091167,
    0.2820700827370789,
    0.26381742674706,
    0.3001588947678997,
    0.05984530098804111,
    0.060337441539276844,
    0.0680891118332963,
    0.08434767771410225,
    0.19575716339539923,
    0.19599529061773702,
    0.29794321563778375,
    0.27686219144140584
  ]
}