{
  "trained_at": "2026-05-22T02:45:40.037717",
  "accuracy": 0.4798032107716209,
  "architecture": "LSTM-128+LSTM-64+Attention+Dense-64-32-3",
  "sequence_len": 20,
  "n_features": 32,
  "n_samples": 38616,
  "pairs_used": [
    "EURUSD",
    "GBPUSD",
    "USDJPY",
    "AUDUSD",
    "XAUUSD",
    "BTCUSD"
  ],
  "model_size_kb": 567.4619140625,
  "version": "2.1-LSTM-32feat",
  "scaler_mean": [
    0.5092945543843516,
    0.5093744460378966,
    0.5092431693110788,
    4.407226665632841e-06,
    1.254722236757724e-05,
    3.336991493565684e-05,
    0.00022289116043399117,
    0.3036028574386582,
    0.23154570866549332,
    -0.0002075837028630087,
    0.49769644890775444,
    0.03869448183041723,
    0.03861683404079097,
    0.5122192782944878,
    0.06481535943155459,
    0.522207267833109,
    0.20042628741175963,
    0.05334861240112367,
    0.47090796148669634,
    0.47845843025852774,
    0.4957811367636401,
    0.08349725644476653,
    0.07560306449943058,
    0.10213272595506781,
    0.00040843091326136794,
    0.0008049059455355356,
    0.0015345979137688793,
    0.0008067695484718514,
    0.1724622728035791,
    0.15913813202729318,
    0.5268353048873252,
    0.5268041296141511
  ],
  "scaler_scale": [
    0.17186702764469816,
    0.23271481178004955,
    0.1435320687188659,
    0.0032506131319543054,
    0.0057102330236955,
    0.008910138560213263,
    0.017694405169874527,
    0.45981318205738725,
    0.42182021462240027,
    0.8966316651665895,
    0.4999946936242078,
    0.19286580543552226,
    0.1926799786419362,
    0.3053893913648713,
    0.0733071935372217,
    0.499506593805716,
    0.047355437097634435,
    0.04988429617499187,
    0.49915293577734315,
    0.2755169839590035,
    0.4999822008761841,
    0.27663236363622284,
    0.26436195100226795,
    0.3028227736549133,
    0.05855362752498709,
    0.05818095096448578,
    0.06451601991962456,
    0.08259705068335435,
    0.1906669449033698,
    0.19103589410526758,
    0.2991140118745642,
    0.27798225030353013
  ]
}