{
  "trained_at": "2026-06-07T02:54:18.763004",
  "accuracy": 0.47556707712248864,
  "architecture": "LSTM-128+LSTM-64+Attention+Dense-64-32-3",
  "sequence_len": 20,
  "n_features": 32,
  "n_samples": 38573,
  "pairs_used": [
    "EURUSD",
    "GBPUSD",
    "USDJPY",
    "AUDUSD",
    "XAUUSD",
    "BTCUSD"
  ],
  "model_size_kb": 567.4521484375,
  "version": "2.1-LSTM-32feat",
  "scaler_mean": [
    0.5086321112838819,
    0.5083294276761026,
    0.5085562616732442,
    -2.1965650097244677e-05,
    -5.6367575942663174e-05,
    -0.00011912912270206677,
    -0.00024386133339071738,
    0.2972818904982769,
    0.24162412872800768,
    -0.0014821598406775528,
    0.4971886093332988,
    0.03853030342290053,
    0.038556214857616664,
    0.5106445578385292,
    0.06490267426286835,
    0.5200943176223668,
    0.2004918898551723,
    0.05359729221319151,
    0.4721322519627912,
    0.47808317030007225,
    0.49467520016583316,
    0.08353846552483611,
    0.07514316067680668,
    0.10154691265255357,
    1.80955687154175e-05,
    0.00014801575436833287,
    0.0004298876323062415,
    0.0001088381392972451,
    0.17212354375767316,
    0.16038119560642583,
    0.5267530659402753,
    0.5268039796700819
  ],
  "scaler_scale": [
    0.1718063736535956,
    0.23289486307313312,
    0.14363729594294486,
    0.0032836618182026586,
    0.00579463254791172,
    0.009149747727789849,
    0.018609102274901156,
    0.45706166769928036,
    0.4280676455239743,
    0.8994141290214948,
    0.4999920960200462,
    0.19247264517598275,
    0.19253475829955996,
    0.3054618792106985,
    0.07438163602268216,
    0.49959605522791256,
    0.04757588231781135,
    0.05126256289964277,
    0.49922278455548746,
    0.2756583755658525,
    0.4999716457027598,
    0.2766943987553631,
    0.2636222033143382,
    0.30205154722876065,
    0.05900432336487077,
    0.05891494474450472,
    0.06628162358763104,
    0.08319004890629308,
    0.1925933160871876,
    0.19505801638949316,
    0.29870656595272715,
    0.27752876626088474
  ]
}