{
  "trained_at": "2026-05-19T02:41:17.673720",
  "accuracy": 0.4779173682165523,
  "architecture": "LSTM-128+LSTM-64+Attention+Dense-64-32-3",
  "sequence_len": 20,
  "n_features": 32,
  "n_samples": 38604,
  "pairs_used": [
    "EURUSD",
    "GBPUSD",
    "USDJPY",
    "AUDUSD",
    "XAUUSD",
    "BTCUSD"
  ],
  "model_size_kb": 567.4501953125,
  "version": "2.1-LSTM-32feat",
  "scaler_mean": [
    0.5098614446780574,
    0.5099708295207767,
    0.5097509620582157,
    8.015872717975986e-06,
    2.3996562109997904e-05,
    7.869660544298055e-05,
    0.0005187225307635756,
    0.3104546396023198,
    0.22511909693454846,
    -0.0014382274441968172,
    0.4974109362054681,
    0.03881006628003314,
    0.038706503728251865,
    0.5129959792361893,
    0.06488053746263807,
    0.5219034797017399,
    0.20048000387360446,
    0.05472524346749561,
    0.46963028169014087,
    0.47624244251583114,
    0.49640120132560067,
    0.0892450289975145,
    0.07461681855840928,
    0.1023456917978459,
    0.0005061939808533337,
    0.0009318468554159742,
    0.002062848919380827,
    0.0009645825155106456,
    0.17476894223329728,
    0.1581528791334441,
    0.5292539302050355,
    0.529231253017061
  ],
  "scaler_scale": [
    0.17212329421078623,
    0.23307220469349899,
    0.14386234709200965,
    0.003330837298466296,
    0.005861229186733252,
    0.009161399071475533,
    0.017987740635555815,
    0.4626797557184813,
    0.4176607344842484,
    0.912711947677233,
    0.49999329670373366,
    0.19314203332100596,
    0.19289455745921577,
    0.30563271569909656,
    0.07487126535546242,
    0.49952000718385187,
    0.047958269887038274,
    0.053658569456615776,
    0.4990768279631702,
    0.27650500016405477,
    0.4999870484803593,
    0.2850970953846203,
    0.262772047498646,
    0.30310237737151824,
    0.05888965568224518,
    0.05932330839141813,
    0.06592202517035971,
    0.08336594411906278,
    0.19300567723690418,
    0.1894497011155896,
    0.2996084187832915,
    0.27860189385207684
  ]
}