{
  "trained_at": "2026-06-05T02:47:38.427133",
  "accuracy": 0.47823270277273905,
  "architecture": "LSTM-128+LSTM-64+Attention+Dense-64-32-3",
  "sequence_len": 20,
  "n_features": 32,
  "n_samples": 38589,
  "pairs_used": [
    "EURUSD",
    "GBPUSD",
    "USDJPY",
    "AUDUSD",
    "XAUUSD",
    "BTCUSD"
  ],
  "model_size_kb": 567.4677734375,
  "version": "2.1-LSTM-32feat",
  "scaler_mean": [
    0.5090310676542649,
    0.5086560785886678,
    0.5089468903769732,
    -1.2558427553473402e-05,
    -3.376836716199831e-05,
    -6.603497968396642e-05,
    -6.563035107509568e-05,
    0.3000595716024761,
    0.23849361547825637,
    -0.0011468714163611667,
    0.49708617161801655,
    0.03859203812582558,
    0.03859203812582558,
    0.5113838626094166,
    0.06467995572198967,
    0.5210443160921029,
    0.2004574393648895,
    0.053328295355285056,
    0.47152218394674816,
    0.47814554841395085,
    0.49493641378953096,
    0.0833743427698205,
    0.07534512678391049,
    0.10158253257012613,
    0.00016444359558437358,
    0.0003537441869992178,
    0.0008316668647048526,
    0.0003388876801313007,
    0.1716822991313952,
    0.15941565710669764,
    0.5272480608247101,
    0.5272880531118121
  ],
  "scaler_scale": [
    0.17146749611633408,
    0.2326056505525158,
    0.14350570961527914,
    0.0032686078938889323,
    0.005769633661954207,
    0.009080664481196545,
    0.018182127152764162,
    0.4582835640651044,
    0.4261624230904996,
    0.8975278288201871,
    0.49999150953207233,
    0.19262059266630974,
    0.19262059266630976,
    0.3051703846091526,
    0.07411810580040763,
    0.4995569404584583,
    0.04747269488242781,
    0.050611928041847117,
    0.49918835522559735,
    0.2755767620948084,
    0.4999743594372507,
    0.27644721329310046,
    0.2639474164560565,
    0.30209852969977424,
    0.05876174036958156,
    0.05871208853441579,
    0.06578369115365772,
    0.08294333439022764,
    0.1916248184914602,
    0.1936380133215796,
    0.2984587955107991,
    0.27731643740545187
  ]
}