{
  "trained_at": "2026-05-08T02:30:21.196427",
  "accuracy": 0.46853961677887107,
  "architecture": "LSTM-128+LSTM-64+Attention+Dense-64-32-3",
  "sequence_len": 20,
  "n_features": 32,
  "n_samples": 38617,
  "pairs_used": [
    "EURUSD",
    "GBPUSD",
    "USDJPY",
    "AUDUSD",
    "XAUUSD",
    "BTCUSD"
  ],
  "model_size_kb": 567.4404296875,
  "version": "2.1-LSTM-32feat",
  "scaler_mean": [
    0.5108476553477534,
    0.510784453207172,
    0.5107109055938721,
    2.1986113609545863e-05,
    6.391906795800203e-05,
    0.00015629367104321473,
    0.0005880695076165545,
    0.31016900898102856,
    0.22400807516111498,
    -4.9668690812360684e-05,
    0.497036519398504,
    0.03856407070942361,
    0.03858995263607423,
    0.5141126403564961,
    0.06555293945771921,
    0.5211325931102311,
    0.2003480587101356,
    0.053737247488764746,
    0.4703004891684137,
    0.4792956619071672,
    0.4967259362786966,
    0.08295157491523669,
    0.07523876077335197,
    0.10246654760980407,
    0.0006600862405424292,
    0.0013362454879338333,
    0.0025840014141494476,
    0.0013310756282447652,
    0.17498390316698198,
    0.1599167162213514,
    0.5278142855369414,
    0.5278380523800634
  ],
  "scaler_scale": [
    0.1719533240387162,
    0.2334284092859058,
    0.14372627465863458,
    0.003270431990978657,
    0.0057401834761844454,
    0.008953491123287851,
    0.017799714469078753,
    0.46256263883797966,
    0.41692740066314576,
    0.9020140935347438,
    0.49999121770559585,
    0.19255358516460347,
    0.19261559695834543,
    0.30535462371400324,
    0.07347992428799474,
    0.49955321389060986,
    0.04737543403732874,
    0.049945667761536895,
    0.49911715964927955,
    0.27573961379706,
    0.49998928039183876,
    0.27580901206145997,
    0.2637762113054213,
    0.30326086828130633,
    0.05892832533647936,
    0.05852771694549922,
    0.06483134806384741,
    0.083088880488462,
    0.1924165846807149,
    0.19140290123185533,
    0.2995979000013736,
    0.2785079997420306
  ]
}