{
  "trained_at": "2026-05-17T02:33:17.868110",
  "accuracy": 0.47227260948432237,
  "architecture": "LSTM-128+LSTM-64+Attention+Dense-64-32-3",
  "sequence_len": 20,
  "n_features": 32,
  "n_samples": 38588,
  "pairs_used": [
    "EURUSD",
    "GBPUSD",
    "USDJPY",
    "AUDUSD",
    "XAUUSD",
    "BTCUSD"
  ],
  "model_size_kb": 567.4619140625,
  "version": "2.1-LSTM-32feat",
  "scaler_mean": [
    0.510197459184163,
    0.510202862314961,
    0.5101304397968652,
    1.3459680805085793e-05,
    4.2190536817878324e-05,
    0.00012556021131655525,
    0.0006361591209946429,
    0.31314753418980523,
    0.2230625777041028,
    -0.002016867118322396,
    0.49639970990468296,
    0.038852051388313304,
    0.03874844591794447,
    0.5134497364832715,
    0.06505242200945643,
    0.5206433899709905,
    0.20044040132656604,
    0.0547757960883214,
    0.4692809780356403,
    0.47610073293784644,
    0.49691773725652716,
    0.08930791545793618,
    0.07490675507666805,
    0.10238810609200166,
    0.0005740141249124208,
    0.0011229655991401813,
    0.0024993078072989374,
    0.0011465368920706776,
    0.17546384714755536,
    0.15813247175746434,
    0.5296653338685638,
    0.5296595286076113
  ],
  "scaler_scale": [
    0.17236242002695887,
    0.2332563872655934,
    0.1439555256636393,
    0.0033347899414518014,
    0.0058676439645068,
    0.009166060077925003,
    0.017992175214688773,
    0.4637738198957008,
    0.41629996893118293,
    0.9134580222040035,
    0.4999870377432094,
    0.19324225596704558,
    0.1929948285755051,
    0.3056039211862208,
    0.07499124379916693,
    0.4995736686921215,
    0.04789953587318791,
    0.05368498754298573,
    0.4990554495139324,
    0.2764958063430295,
    0.49999049956612196,
    0.28518767802009665,
    0.2632408272296532,
    0.3031580146110188,
    0.058961252790525616,
    0.05940102795112004,
    0.06584666466976906,
    0.08351572204435341,
    0.193766306964668,
    0.18959362108657288,
    0.2997306733350037,
    0.2787615329425073
  ]
}