{
  "trained_at": "2026-05-09T02:16:05.832112",
  "accuracy": 0.4683331174718301,
  "architecture": "LSTM-128+LSTM-64+Attention+Dense-64-32-3",
  "sequence_len": 20,
  "n_features": 32,
  "n_samples": 38602,
  "pairs_used": [
    "EURUSD",
    "GBPUSD",
    "USDJPY",
    "AUDUSD",
    "XAUUSD",
    "BTCUSD"
  ],
  "model_size_kb": 567.478515625,
  "version": "2.1-LSTM-32feat",
  "scaler_mean": [
    0.5109202699583977,
    0.5109561497941292,
    0.5107662785922932,
    2.2261908320179965e-05,
    6.416294845461773e-05,
    0.00015872117522578447,
    0.0006062714525096894,
    0.31254207446533067,
    0.221635337372482,
    -0.00027577037140035713,
    0.4968152866242038,
    0.038579048210864275,
    0.038604940189529285,
    0.5141642498431332,
    0.06548865652890985,
    0.5207912588680027,
    0.20033601432569265,
    0.05371772822773966,
    0.4704831443218891,
    0.47920145429640865,
    0.4968929625601988,
    0.08303557557868572,
    0.07531976593651286,
    0.10253223551343793,
    0.0006652134327760848,
    0.0013280971236213196,
    0.00260253388909439,
    0.001329261041895404,
    0.1748513181883093,
    0.15977355728328443,
    0.5280558487605788,
    0.5280441348382922
  ],
  "scaler_scale": [
    0.17210649374803644,
    0.23347583431931826,
    0.1436839345022782,
    0.0032698916087639915,
    0.005738829873020483,
    0.008944780693952563,
    0.017719175088500943,
    0.46352942318070633,
    0.41534698096924705,
    0.9015778088810752,
    0.4999898574978437,
    0.19258947336240392,
    0.1926514956663772,
    0.30537647846593086,
    0.0734820633182054,
    0.49956753653003083,
    0.04728847684151766,
    0.049974688010285484,
    0.49912799483787484,
    0.2757151891308198,
    0.49999034622515237,
    0.27593598671975006,
    0.2639066099888022,
    0.3033469567904956,
    0.05891790016249869,
    0.058493270155679046,
    0.06474366688587231,
    0.0830761308118887,
    0.19241871315341882,
    0.1914039089685945,
    0.2996290329183399,
    0.2785498395349307
  ]
}