{
  "trained_at": "2026-06-08T02:57:23.107337",
  "accuracy": 0.47233047544816836,
  "architecture": "LSTM-128+LSTM-64+Attention+Dense-64-32-3",
  "sequence_len": 20,
  "n_features": 32,
  "n_samples": 38486,
  "pairs_used": [
    "EURUSD",
    "GBPUSD",
    "USDJPY",
    "AUDUSD",
    "XAUUSD",
    "BTCUSD"
  ],
  "model_size_kb": 567.486328125,
  "version": "2.1-LSTM-32feat",
  "scaler_mean": [
    0.5084219538676639,
    0.5080955916169625,
    0.5083750681636735,
    -2.330396685172746e-05,
    -6.212549202817317e-05,
    -0.00013405086424557114,
    -0.0002960632737555563,
    0.29753804601880224,
    0.24139095205941932,
    -0.0017541927490453816,
    0.49662390276839974,
    0.038461538461538464,
    0.03848750844024308,
    0.5103771368840295,
    0.0650219725389913,
    0.519477484028463,
    0.20046275604131897,
    0.053698301664235004,
    0.4721601828286501,
    0.4780710069741912,
    0.49446839453591646,
    0.08362333142886823,
    0.0752609982859814,
    0.10138679686282658,
    5.4058183672094266e-06,
    9.16506593228225e-05,
    0.00029012972084137306,
    2.5903716291892376e-05,
    0.1722195590164359,
    0.16074050242097332,
    0.5264669006311568,
    0.5265088457359736
  ],
  "scaler_scale": [
    0.17200870932377302,
    0.2330811968991798,
    0.14377557417891304,
    0.0032904881150868184,
    0.005803013079761001,
    0.009153809915643924,
    0.018693891077689317,
    0.4571751931044765,
    0.42792681655075837,
    0.9015111015855132,
    0.49998860183756466,
    0.1923076923076923,
    0.19237000840646987,
    0.30567035129511155,
    0.07445316499644802,
    0.4996204835832104,
    0.0476496004116553,
    0.05136153164404451,
    0.4992243429359849,
    0.2757214121714094,
    0.49996940040465454,
    0.27682209064597046,
    0.2638120172072889,
    0.3018402131670373,
    0.05910707871212264,
    0.058960074529015735,
    0.06632267373485884,
    0.08338365344350362,
    0.19276995740440248,
    0.19537998833715298,
    0.2989076339388929,
    0.2777574061034872
  ]
}