{
  "trained_at": "2026-07-13T00:50:50.067386",
  "accuracy": 0.4773849753054328,
  "architecture": "LSTM-128+LSTM-64+Attention+Dense-64-32-3",
  "sequence_len": 20,
  "n_features": 32,
  "n_samples": 38466,
  "pairs_used": [
    "EURUSD",
    "GBPUSD",
    "USDJPY",
    "AUDUSD",
    "XAUUSD",
    "BTCUSD"
  ],
  "model_size_kb": 567.4658203125,
  "version": "2.1-LSTM-32feat",
  "scaler_mean": [
    0.5074039377530187,
    0.5067326167690245,
    0.507610918853347,
    -3.7165044535926685e-05,
    -0.00010751027123410189,
    -0.00026744992816789205,
    -0.0011361821265542655,
    0.2881827157927558,
    0.2500389752117653,
    0.0005831053225997217,
    0.498155173309775,
    0.03866341007119472,
    0.038715377020215144,
    0.5093334428765898,
    0.06570854960595314,
    0.5221639037572104,
    0.20037523681856023,
    0.05480021902961121,
    0.4674167229641948,
    0.4765090483545249,
    0.4917372551057527,
    0.0842384243621057,
    0.07514420828353167,
    0.09946474042508964,
    -0.00016397806963693327,
    -0.0003592247262033678,
    -0.0008199198305520167,
    -0.00034107760348624943,
    0.17418812960053634,
    0.16364319833794685,
    0.5248934596377417,
    0.524884776065493
  ],
  "scaler_scale": [
    0.17071734936021657,
    0.23201856477301253,
    0.14298964045499007,
    0.003340152561024739,
    0.005868127981376504,
    0.009261067849629403,
    0.01890634223009095,
    0.4529165906776518,
    0.43303520190258843,
    0.9081495995329241,
    0.4999965966028999,
    0.19279146970979127,
    0.1929157759292841,
    0.3046878800019841,
    0.07566205818319474,
    0.4995085198174713,
    0.0482156940575611,
    0.0532977321007901,
    0.49893720051486246,
    0.27533074718958167,
    0.49993172238497985,
    0.27774504896234514,
    0.2636238916429482,
    0.29928499099897937,
    0.060238738993079806,
    0.05943773221524668,
    0.06716212094208844,
    0.08424082076780866,
    0.19733161135596863,
    0.20079503098379967,
    0.29726026142573764,
    0.27610486243104954
  ]
}