{
  "trained_at": "2026-05-05T02:12:03.677105",
  "accuracy": 0.4731322025119772,
  "architecture": "LSTM-128+LSTM-64+Attention+Dense-64-32-3",
  "sequence_len": 20,
  "n_features": 32,
  "n_samples": 38611,
  "pairs_used": [
    "EURUSD",
    "GBPUSD",
    "USDJPY",
    "AUDUSD",
    "XAUUSD",
    "BTCUSD"
  ],
  "model_size_kb": 567.435546875,
  "version": "2.1-LSTM-32feat",
  "scaler_mean": [
    0.5100800921452228,
    0.5100055799375016,
    0.5100552526198416,
    1.8088921188259025e-05,
    5.521267179531726e-05,
    0.00014920756498146338,
    0.0006895819507065512,
    0.30902642955139653,
    0.2258289974372913,
    -0.0015296181114031282,
    0.4953534725997256,
    0.03862183220729466,
    0.03862183220729466,
    0.5127241110150793,
    0.06579344963785735,
    0.5203334109911729,
    0.20040498856725678,
    0.0538655232393755,
    0.4718749191064171,
    0.47950237722935873,
    0.49649245424658955,
    0.08306800238150708,
    0.07530221842561673,
    0.10240480443167405,
    0.0006058703103610837,
    0.0012473687013304648,
    0.002598390792475965,
    0.0012173132597019891,
    0.17522571392773795,
    0.1606561551301202,
    0.526729268924566,
    0.5267578587793373
  ],
  "scaler_scale": [
    0.17201253771397867,
    0.23346858879459131,
    0.1438030077222106,
    0.0032816148369420785,
    0.005765561039195239,
    0.009012200803676372,
    0.017930703819699877,
    0.4620920854008564,
    0.41812708756281164,
    0.9035883432766036,
    0.49997840931696086,
    0.19269194659934868,
    0.19269194659934868,
    0.3055875651274823,
    0.07364613025496729,
    0.4995863813170492,
    0.047264218997420615,
    0.049938613153567485,
    0.49920835311994677,
    0.2758134237926802,
    0.49998769697142315,
    0.2759849803193156,
    0.26387837032579514,
    0.3031799143429271,
    0.05913284799974146,
    0.0587768166103134,
    0.06545184844609968,
    0.0833450721454631,
    0.19305295106371728,
    0.19173470285487523,
    0.2997405506300329,
    0.2787068425658996
  ]
}