{
  "trained_at": "2026-07-02T01:08:49.569990",
  "accuracy": 0.4720601581745106,
  "architecture": "LSTM-128+LSTM-64+Attention+Dense-64-32-3",
  "sequence_len": 20,
  "n_features": 32,
  "n_samples": 38563,
  "pairs_used": [
    "EURUSD",
    "GBPUSD",
    "USDJPY",
    "AUDUSD",
    "XAUUSD",
    "BTCUSD"
  ],
  "model_size_kb": 567.484375,
  "version": "2.1-LSTM-32feat",
  "scaler_mean": [
    0.5069595562075965,
    0.5066448578280106,
    0.5069042440885508,
    -3.9163091957239726e-05,
    -0.00011602717448558399,
    -0.0002869340424727138,
    -0.001049076461856636,
    0.2855402638467719,
    0.2557084726433922,
    0.0009479543441304688,
    0.5000907135266828,
    0.03900681647357645,
    0.03898089832309566,
    0.5084845887423218,
    0.06531829791684304,
    0.5213435969209237,
    0.20051539489281592,
    0.0551429843211623,
    0.4681336339838789,
    0.4755573430415839,
    0.492341186532929,
    0.08716274006686883,
    0.07526630899619004,
    0.1000699790062981,
    -0.00014971410127294105,
    -0.00044228138981006274,
    -0.0009159193694817832,
    -0.0003359960271879769,
    0.17375157191437893,
    0.16180259785803522,
    0.5257890905903587,
    0.5257519570119414
  ],
  "scaler_scale": [
    0.1711240198492077,
    0.23208810324779988,
    0.1433687914244978,
    0.003405384468290056,
    0.006000970801563287,
    0.009487637290756058,
    0.019318587739555765,
    0.45167136456619406,
    0.436258695800755,
    0.9227002592138598,
    0.4999999917710559,
    0.1936111689499683,
    0.19354944559212806,
    0.30508959309987593,
    0.07702852295305689,
    0.4995442431561764,
    0.04856637296291351,
    0.055841090064572683,
    0.4989835014476196,
    0.276197180100433,
    0.4999413391351795,
    0.28207338905133233,
    0.26382056729201403,
    0.3000932826771988,
    0.0602816786696563,
    0.06046196246613104,
    0.06839399206069774,
    0.084790010338887,
    0.19747817267230772,
    0.19821964139079182,
    0.2977890869987682,
    0.27665897798034444
  ]
}