{
  "trained_at": "2026-07-22T00:48:49.890101",
  "accuracy": 0.49067115833117386,
  "architecture": "LSTM-128+LSTM-64+Attention+Dense-64-32-3",
  "sequence_len": 20,
  "n_features": 32,
  "n_samples": 38588,
  "pairs_used": [
    "EURUSD",
    "GBPUSD",
    "USDJPY",
    "AUDUSD",
    "XAUUSD",
    "BTCUSD"
  ],
  "model_size_kb": 567.48046875,
  "version": "2.1-LSTM-32feat",
  "scaler_mean": [
    0.5068919981567948,
    0.5063656533361852,
    0.5070073326475111,
    -3.694494246911576e-05,
    -0.00010761448389158586,
    -0.00026982577163952833,
    -0.0011137620172836087,
    0.29019892250310814,
    0.24870493162038956,
    0.0009832494463923357,
    0.4970731454620804,
    0.038567136344799004,
    0.038567136344799004,
    0.50829363725842,
    0.06567527367681072,
    0.5213686282635723,
    0.20033561329454685,
    0.05471938225426444,
    0.46676854537919604,
    0.4760031512908269,
    0.4913748445917944,
    0.08474927476170742,
    0.07493265644426025,
    0.09896912556983009,
    -0.00016372331724581656,
    -0.0003549476735296753,
    -0.0008661931851493186,
    -0.0003339477189407605,
    0.17382830267484914,
    0.16323958781021983,
    0.5237776594375474,
    0.5237840327343246
  ],
  "scaler_scale": [
    0.17072386271454512,
    0.23206309592556948,
    0.14315323617832848,
    0.003343630312338901,
    0.005878854661595018,
    0.009274067029169752,
    0.01891605237492672,
    0.45385406011309765,
    0.43226240711873953,
    0.9091572473377793,
    0.499991433449128,
    0.19256093149691783,
    0.19256093149691786,
    0.3046498889952192,
    0.0758095212011891,
    0.4995431730352575,
    0.04807578633356916,
    0.0533365284242328,
    0.4988944481789564,
    0.275467779428851,
    0.4999256011589968,
    0.27850823181563605,
    0.26328264933805784,
    0.29862055815662336,
    0.060285276189620256,
    0.05955874960659142,
    0.06716940719676216,
    0.08436544671183188,
    0.1980365499082885,
    0.20075297531542033,
    0.29694639620624075,
    0.2757968527900665
  ]
}