{
  "trained_at": "2026-05-13T02:34:46.216079",
  "accuracy": 0.48524080787156915,
  "architecture": "LSTM-128+LSTM-64+Attention+Dense-64-32-3",
  "sequence_len": 20,
  "n_features": 32,
  "n_samples": 38616,
  "pairs_used": [
    "EURUSD",
    "GBPUSD",
    "USDJPY",
    "AUDUSD",
    "XAUUSD",
    "BTCUSD"
  ],
  "model_size_kb": 567.484375,
  "version": "2.1-LSTM-32feat",
  "scaler_mean": [
    0.511081195605533,
    0.5111096836968189,
    0.5109798946825822,
    2.559540801935916e-05,
    7.259156909986788e-05,
    0.000176978551692038,
    0.0007056146967867287,
    0.314473547986334,
    0.22023501397660214,
    0.00021768131411354223,
    0.4973599751527073,
    0.038642716637333055,
    0.038590951444248886,
    0.5147845311980467,
    0.06530292330816485,
    0.5202401904959105,
    0.20036398190664145,
    0.05360152858420471,
    0.4696655968526763,
    0.4790155847812091,
    0.4973599751527073,
    0.08297960451392483,
    0.07552541670980432,
    0.10259861269282534,
    0.0007165298707377611,
    0.0014101948938070156,
    0.002696579476257364,
    0.0014226475472724467,
    0.17466838851381264,
    0.15914910343694735,
    0.5285321930975467,
    0.5284972321109125
  ],
  "scaler_scale": [
    0.17190430438478776,
    0.23326613092102555,
    0.14320916526719657,
    0.0032647982787876832,
    0.005728145600883258,
    0.008928689931160888,
    0.01772555626405259,
    0.4643058642783019,
    0.4144050586024837,
    0.8999879467212522,
    0.49999303022022784,
    0.19274194428878172,
    0.19261798958268803,
    0.3051747226765128,
    0.07346722754912131,
    0.4995901667253763,
    0.047368344384285666,
    0.04998000975355609,
    0.4990789756999343,
    0.2757331892069256,
    0.49999303022022784,
    0.2758513906954929,
    0.2642372572908952,
    0.30343390938774956,
    0.058824247080302594,
    0.05836213946815828,
    0.06465714838261394,
    0.08295753763401077,
    0.1924414539663705,
    0.19106546597560617,
    0.2995187173491301,
    0.27842856920923054
  ]
}