{
  "trained_at": "2026-05-31T02:50:12.369920",
  "accuracy": 0.4781594296824368,
  "architecture": "LSTM-128+LSTM-64+Attention+Dense-64-32-3",
  "sequence_len": 20,
  "n_features": 32,
  "n_samples": 38573,
  "pairs_used": [
    "EURUSD",
    "GBPUSD",
    "USDJPY",
    "AUDUSD",
    "XAUUSD",
    "BTCUSD"
  ],
  "model_size_kb": 567.4462890625,
  "version": "2.1-LSTM-32feat",
  "scaler_mean": [
    0.5097452742091829,
    0.5098275851481423,
    0.5095616504942847,
    5.036005633788143e-06,
    1.0803287311852159e-05,
    2.747509294234153e-05,
    0.000222613715842902,
    0.303578369134299,
    0.23136320058041615,
    0.00043828313375948616,
    0.49876920685098336,
    0.03889306350892649,
    0.03876350633534579,
    0.5129808850830914,
    0.06454213981342934,
    0.5217785608789158,
    0.2003557098685494,
    0.05320058624912046,
    0.47070712305340345,
    0.4784030669446627,
    0.49607441764050475,
    0.08343481978597155,
    0.07542818645868422,
    0.10224652138988936,
    0.00042722181442146666,
    0.0007703526869834618,
    0.0014797011545327535,
    0.0008172989868955727,
    0.17200574878920993,
    0.15866082166640075,
    0.5278684538538778,
    0.5278148489522394
  ],
  "scaler_scale": [
    0.17145073083311002,
    0.23240926274641277,
    0.143347233590851,
    0.003249805047772481,
    0.005712225110890125,
    0.008914766647261579,
    0.017722034089293685,
    0.4598027217492936,
    0.4217040075664473,
    0.8957623647757761,
    0.4999984851459295,
    0.1933400970306395,
    0.19303081855479812,
    0.30510703143553686,
    0.07350143540808493,
    0.4995254691064745,
    0.047392357819982064,
    0.05004149381379102,
    0.4991411898052409,
    0.27544027898762946,
    0.4999845895656573,
    0.27653833483489043,
    0.26408100110806565,
    0.30297222686833236,
    0.05852822689262095,
    0.05819737777425733,
    0.06447629544096992,
    0.08255106803068875,
    0.19093588404106193,
    0.19164171938713848,
    0.2984371228267695,
    0.27729045282682857
  ]
}