{
  "trained_at": "2026-06-10T02:48:15.223632",
  "accuracy": 0.4848367029548989,
  "architecture": "LSTM-128+LSTM-64+Attention+Dense-64-32-3",
  "sequence_len": 20,
  "n_features": 32,
  "n_samples": 38576,
  "pairs_used": [
    "EURUSD",
    "GBPUSD",
    "USDJPY",
    "AUDUSD",
    "XAUUSD",
    "BTCUSD"
  ],
  "model_size_kb": 567.4453125,
  "version": "2.1-LSTM-32feat",
  "scaler_mean": [
    0.5083568592351427,
    0.5081290356554957,
    0.5081992216269456,
    -2.661780797417524e-05,
    -7.230755340443383e-05,
    -0.00016599085221043848,
    -0.0004892338320827,
    0.2941496528137631,
    0.24463674992227175,
    -0.0009340860681221356,
    0.4978236086641103,
    0.03860503679137735,
    0.038682765053373404,
    0.5102511306792915,
    0.06485210712772765,
    0.5214011814695824,
    0.20034357315126364,
    0.054493839916156715,
    0.46927142709089026,
    0.47602204193705766,
    0.49461084050160636,
    0.08695201575292777,
    0.07490413514353819,
    0.10130583480153384,
    6.21722707145887e-06,
    1.8606319261532397e-05,
    7.667905575802784e-05,
    9.10186832039884e-06,
    0.17309769838596584,
    0.15981696883146493,
    0.5276252631807019,
    0.5276622705370556
  ],
  "scaler_scale": [
    0.17189189189596304,
    0.23298472301516124,
    0.14373532201481454,
    0.0033613040666784187,
    0.005935104614212209,
    0.009373203690525817,
    0.019018776103984513,
    0.4556595599384542,
    0.4298716209634449,
    0.9158294544970208,
    0.4999952632983167,
    0.19265172702499644,
    0.19283777830393847,
    0.3052957936153357,
    0.0759539432899268,
    0.49954177946564793,
    0.048187097894256216,
    0.054526927745823794,
    0.49905486152022355,
    0.27610930083781293,
    0.49997095611635367,
    0.2817647293566573,
    0.26323659639559377,
    0.3017332640540286,
    0.05933968534416889,
    0.059929958858982287,
    0.06749528274164907,
    0.08395880066939236,
    0.19431062201939844,
    0.1939764019260692,
    0.2985327216135909,
    0.27744919580686916
  ]
}