{
  "trained_at": "2026-05-23T02:31:26.913880",
  "accuracy": 0.48224928738015027,
  "architecture": "LSTM-128+LSTM-64+Attention+Dense-64-32-3",
  "sequence_len": 20,
  "n_features": 32,
  "n_samples": 38588,
  "pairs_used": [
    "EURUSD",
    "GBPUSD",
    "USDJPY",
    "AUDUSD",
    "XAUUSD",
    "BTCUSD"
  ],
  "model_size_kb": 567.4326171875,
  "version": "2.1-LSTM-32feat",
  "scaler_mean": [
    0.5096043182797036,
    0.5095113272607733,
    0.5095172417960896,
    4.595475792850041e-06,
    1.3161056455969555e-05,
    3.381067779473716e-05,
    0.00022504272865422404,
    0.3040561541649399,
    0.22979693327807707,
    0.00014590495946709638,
    0.4981869042685454,
    0.039007459593866554,
    0.03892975549108993,
    0.5124810075488806,
    0.06455728874899412,
    0.5231817239950269,
    0.20049169024398436,
    0.054604220921617985,
    0.4694104848736013,
    0.47571450793572606,
    0.49634790716949856,
    0.08972233733941153,
    0.07485495234148364,
    0.10236220472440945,
    0.00044945744188294094,
    0.0008393409659639079,
    0.0015974027235205648,
    0.0008849377999143522,
    0.17411945156980052,
    0.15778957939199642,
    0.5292523277134433,
    0.529216080426402
  ],
  "scaler_scale": [
    0.17171429294000995,
    0.23249175114256487,
    0.14341515721301523,
    0.003320392584987108,
    0.005840486862906842,
    0.009125260858661019,
    0.01797040872702827,
    0.460006531779024,
    0.4207021544205212,
    0.9100606689692567,
    0.499996712673062,
    0.19361270022883165,
    0.19342758238807073,
    0.3051976483647962,
    0.07473948998248092,
    0.4994623185712996,
    0.04789703540668342,
    0.05359799452911199,
    0.49906340435292573,
    0.27646999250814724,
    0.4999866620400562,
    0.2857835536236548,
    0.2631571554251145,
    0.3031240402349631,
    0.05870616656168168,
    0.05910251868769766,
    0.06560825268582318,
    0.08311347325339125,
    0.19221447322875307,
    0.18913502930705992,
    0.29870008595610703,
    0.27765085120465904
  ]
}