{
  "trained_at": "2026-07-20T00:50:10.028306",
  "accuracy": 0.47589343729694605,
  "architecture": "LSTM-128+LSTM-64+Attention+Dense-64-32-3",
  "sequence_len": 20,
  "n_features": 32,
  "n_samples": 38472,
  "pairs_used": [
    "EURUSD",
    "GBPUSD",
    "USDJPY",
    "AUDUSD",
    "XAUUSD",
    "BTCUSD"
  ],
  "model_size_kb": 567.4501953125,
  "version": "2.1-LSTM-32feat",
  "scaler_mean": [
    0.5066291346450567,
    0.5060787517842801,
    0.5068909566498929,
    -4.2073000971721085e-05,
    -0.00011832755802354532,
    -0.00028263695090071603,
    -0.0011129495310650114,
    0.2896446014756313,
    0.24867504936090618,
    -0.0005888722033036127,
    0.49586927153694277,
    0.03865738335238491,
    0.038631403928088955,
    0.5077808773196844,
    0.06580867088137261,
    0.5224202431674114,
    0.2003091486776204,
    0.05480193627162864,
    0.4677855138730126,
    0.47606208717492077,
    0.4911929751636704,
    0.08482282032630156,
    0.07502857736672555,
    0.09890366829471059,
    -0.00023804083266902232,
    -0.0004652609939372547,
    -0.000882712831140471,
    -0.0004740790702850272,
    0.1739247857543471,
    0.1637724587959163,
    0.5235391290090805,
    0.5235332950918209
  ],
  "scaler_scale": [
    0.17083561267815225,
    0.23214427767640008,
    0.1433393684628116,
    0.0033465312782376216,
    0.005883815309538886,
    0.009280313495987399,
    0.0189274250811469,
    0.4535974055389361,
    0.432245033732323,
    0.910735744205948,
    0.49998293679121136,
    0.19277704755683872,
    0.19271486335680957,
    0.3047085299464034,
    0.0758366141818888,
    0.49949707976755386,
    0.04802942487450383,
    0.053340789288574324,
    0.4989611476694094,
    0.27543357157737486,
    0.4999224302964733,
    0.27861785563418856,
    0.2634374497770786,
    0.2985326325421736,
    0.060342678011101145,
    0.05962855127245945,
    0.06723137490110917,
    0.08444180174039487,
    0.1979929302447132,
    0.2010187348384964,
    0.29714377524780905,
    0.27604396221072863
  ]
}