{
  "trained_at": "2026-07-05T01:00:14.936472",
  "accuracy": 0.4848917131370769,
  "architecture": "LSTM-128+LSTM-64+Attention+Dense-64-32-3",
  "sequence_len": 20,
  "n_features": 32,
  "n_samples": 38554,
  "pairs_used": [
    "EURUSD",
    "GBPUSD",
    "USDJPY",
    "AUDUSD",
    "XAUUSD",
    "BTCUSD"
  ],
  "model_size_kb": 567.47265625,
  "version": "2.1-LSTM-32feat",
  "scaler_mean": [
    0.5075013324577392,
    0.507014203646499,
    0.5075041634488069,
    -3.246630985636742e-05,
    -9.550900653348035e-05,
    -0.00024358256032710093,
    -0.0010321178190399682,
    0.28672162596567635,
    0.25372012236221286,
    0.0008574240625627402,
    0.5000259241976461,
    0.03904184165500078,
    0.03904184165500078,
    0.509617976981104,
    0.0655010333022353,
    0.5216726292321253,
    0.2005544470160975,
    0.05531132767701117,
    0.46787991911650334,
    0.47559740242007814,
    0.49268937626380466,
    0.08718307668377663,
    0.07497277959247162,
    0.10006740291387982,
    -5.548807980747547e-05,
    -0.00021447221082190445,
    -0.0005638781737391857,
    -0.00015923226341903152,
    0.17475493530364516,
    0.16196681778220112,
    0.5263988051959538,
    0.5263757726063271
  ],
  "scaler_scale": [
    0.17097353558624273,
    0.2319963746673105,
    0.14321489617901914,
    0.003409712080535795,
    0.00601290368773151,
    0.00951774397141272,
    0.019318787468178812,
    0.45223040053635843,
    0.43513931317535154,
    0.9228471065286064,
    0.49999999932793593,
    0.1936945436897659,
    0.1936945436897659,
    0.3048518553547852,
    0.07715083426134309,
    0.49953007631389607,
    0.048629145696583595,
    0.05594086555406463,
    0.4989672337980096,
    0.27596074236367435,
    0.49994655192389087,
    0.2821031510347365,
    0.2633474167571239,
    0.3000898495250232,
    0.060360857268523874,
    0.060594078368038165,
    0.06868602699710297,
    0.08490141616789465,
    0.19842108727614421,
    0.19832353375152412,
    0.297388299067923,
    0.2762680130726939
  ]
}