{
  "trained_at": "2026-07-16T00:47:16.768106",
  "accuracy": 0.4759559300064809,
  "architecture": "LSTM-128+LSTM-64+Attention+Dense-64-32-3",
  "sequence_len": 20,
  "n_features": 32,
  "n_samples": 38572,
  "pairs_used": [
    "EURUSD",
    "GBPUSD",
    "USDJPY",
    "AUDUSD",
    "XAUUSD",
    "BTCUSD"
  ],
  "model_size_kb": 567.404296875,
  "version": "2.1-LSTM-32feat",
  "scaler_mean": [
    0.5072868964232305,
    0.5066892079607437,
    0.5075163916613448,
    -3.728002332812691e-05,
    -0.00010774224195927475,
    -0.00026737431558859954,
    -0.0011005085232064491,
    0.29052653399668327,
    0.24984452736318408,
    0.0003510091922206513,
    0.4972533167495854,
    0.038738598673300165,
    0.038738598673300165,
    0.5090129521814521,
    0.06574489816136503,
    0.5212220149253731,
    0.20043275979723318,
    0.054708945369972915,
    0.46869817578772804,
    0.4763162807606205,
    0.4916044776119403,
    0.08465485074626866,
    0.07511919568822555,
    0.0992174543946932,
    -0.00016252311787906694,
    -0.0003633347883064755,
    -0.000859983889783345,
    -0.00035767339050118513,
    0.1739501723677686,
    0.16341454775578448,
    0.5245823993069999,
    0.524591051256048
  ],
  "scaler_scale": [
    0.17096602144506579,
    0.23253162521130827,
    0.1433493115337901,
    0.0033432548421441144,
    0.00587709713011158,
    0.009271433269602319,
    0.01890500416510317,
    0.45400536014518306,
    0.43292290250095483,
    0.9091349829668331,
    0.499992455674205,
    0.19297129228496435,
    0.19297129228496435,
    0.304817956107011,
    0.0757317783387344,
    0.49954942306293104,
    0.04806669051431479,
    0.05326294664667068,
    0.4990192338988389,
    0.2754923374838888,
    0.4999295102350247,
    0.2783673957046616,
    0.26358357712000874,
    0.2989537608696873,
    0.0602903757546178,
    0.05954008961624422,
    0.06711646797712818,
    0.08435437806683754,
    0.19762109799170038,
    0.2008160006291717,
    0.2973846504970851,
    0.2762540379883534
  ]
}