{
  "trained_at": "2026-06-23T02:39:22.420942",
  "accuracy": 0.4769310523587351,
  "architecture": "LSTM-128+LSTM-64+Attention+Dense-64-32-3",
  "sequence_len": 20,
  "n_features": 32,
  "n_samples": 38576,
  "pairs_used": [
    "EURUSD",
    "GBPUSD",
    "USDJPY",
    "AUDUSD",
    "XAUUSD",
    "BTCUSD"
  ],
  "model_size_kb": 567.5029296875,
  "version": "2.1-LSTM-32feat",
  "scaler_mean": [
    0.5079974180760385,
    0.5075114615552798,
    0.5079845957698741,
    -2.539088488903341e-05,
    -6.996847536424694e-05,
    -0.00015841865748096405,
    -0.0005050400227106665,
    0.2940978339724324,
    0.24486993470825993,
    -0.0007739247795380079,
    0.49761633329878746,
    0.038682765053373404,
    0.03870867447403876,
    0.5099905772013921,
    0.06499367444530355,
    0.521375272048917,
    0.2004979827298377,
    0.053883278553991026,
    0.4704891698621619,
    0.47765398762822076,
    0.49334127888900403,
    0.08381697585241994,
    0.0756814177634988,
    0.09975126956161261,
    -1.2869862230752574e-05,
    9.038186873781954e-06,
    0.00012896174734174939,
    -8.949041647678665e-06,
    0.1723334827043088,
    0.16098719592964478,
    0.5260369313213068,
    0.5260618936482138
  ],
  "scaler_scale": [
    0.17088359307212858,
    0.2321591408416425,
    0.14320192277604388,
    0.0032979134529373126,
    0.0058217444377036635,
    0.00920746462870658,
    0.018901471628407492,
    0.45563614653049195,
    0.4300100577710159,
    0.9011022251895354,
    0.4999943181007735,
    0.19283777830393845,
    0.1928997485599752,
    0.30474850584912594,
    0.07481094280365659,
    0.4995428887941803,
    0.04798051226827535,
    0.05209489716820737,
    0.499128351132828,
    0.27562185505291936,
    0.4999556594670831,
    0.2771131364828719,
    0.2644876949289051,
    0.29966807267785317,
    0.059353972782361764,
    0.059203656732082846,
    0.06692252806504317,
    0.08341566741893179,
    0.19443668949450663,
    0.19667168526931442,
    0.2976243421977717,
    0.2764364667874617
  ]
}