{
  "trained_at": "2026-06-29T01:12:18.415141",
  "accuracy": 0.4765310102717462,
  "architecture": "LSTM-128+LSTM-64+Attention+Dense-64-32-3",
  "sequence_len": 20,
  "n_features": 32,
  "n_samples": 38455,
  "pairs_used": [
    "EURUSD",
    "GBPUSD",
    "USDJPY",
    "AUDUSD",
    "XAUUSD",
    "BTCUSD"
  ],
  "model_size_kb": 567.4765625,
  "version": "2.1-LSTM-32feat",
  "scaler_mean": [
    0.5068080525916454,
    0.5065628486626876,
    0.5066494813196414,
    -3.961992587558309e-05,
    -0.00011381582044578678,
    -0.000275486993281424,
    -0.0009299589773179582,
    0.2881091617933723,
    0.25330734243014946,
    0.0002951153410328118,
    0.4996751137102014,
    0.039064327485380114,
    0.03903833658219623,
    0.5080449559763142,
    0.06534016526596471,
    0.5216114359974009,
    0.2005097427278457,
    0.05506977847032559,
    0.46957764782326183,
    0.4759054788980387,
    0.4927615334632878,
    0.08699155295646524,
    0.07513970110461339,
    0.09985705003248863,
    -0.00016322262574399875,
    -0.0003990462487173797,
    -0.0008301214569863304,
    -0.00034943367544176937,
    0.17372042171244242,
    0.16172777881399478,
    0.5257686887562172,
    0.5257627095967075
  ],
  "scaler_scale": [
    0.17104671615191042,
    0.23191076271016403,
    0.1433690575002828,
    0.0034028810335461454,
    0.006002673023067852,
    0.00949854811616174,
    0.01929261575899615,
    0.4528821841098331,
    0.43490542960639667,
    0.9222025283585202,
    0.4999998944488876,
    0.19374804722498518,
    0.19368620203589978,
    0.3049514094669144,
    0.0770234672600174,
    0.49953272749053207,
    0.048567389757167775,
    0.055687065019472494,
    0.4990736223124145,
    0.27616277184592114,
    0.4999476018566315,
    0.28182267948248546,
    0.26361662774286965,
    0.29980930537809813,
    0.06020267492656234,
    0.060521063549602995,
    0.06852822919025586,
    0.08473634367012628,
    0.19724120606389928,
    0.19786991752185884,
    0.29777930869137037,
    0.2766477587392258
  ]
}