{
  "trained_at": "2026-05-26T02:38:19.595375",
  "accuracy": 0.4718227749708511,
  "architecture": "LSTM-128+LSTM-64+Attention+Dense-64-32-3",
  "sequence_len": 20,
  "n_features": 32,
  "n_samples": 38591,
  "pairs_used": [
    "EURUSD",
    "GBPUSD",
    "USDJPY",
    "AUDUSD",
    "XAUUSD",
    "BTCUSD"
  ],
  "model_size_kb": 567.4697265625,
  "version": "2.1-LSTM-32feat",
  "scaler_mean": [
    0.5098651678653423,
    0.5096645632659498,
    0.5097844370563556,
    6.4771977276508494e-06,
    1.7604469713124037e-05,
    3.7828358156648664e-05,
    0.00016988935761043638,
    0.30159799021004374,
    0.23283520240346015,
    0.0005304468744251957,
    0.49889927740799256,
    0.038771334593768615,
    0.038797233948874674,
    0.5133526652380788,
    0.06476878060546382,
    0.5223122944238688,
    0.20029415983376936,
    0.05329487410367831,
    0.469115019036026,
    0.47834907610710636,
    0.4961280464116444,
    0.08347362150682448,
    0.0754707207790526,
    0.10204345911786797,
    0.0004334128781406981,
    0.00086585991629789,
    0.0015376465505794804,
    0.0008736878024559648,
    0.17256899144296445,
    0.15886271331209043,
    0.5279420207645172,
    0.5279220842916413
  ],
  "scaler_scale": [
    0.17176677133159873,
    0.23266219701575,
    0.14347739412671154,
    0.003251504529851949,
    0.00571404010809886,
    0.008917470354582036,
    0.017711490458246854,
    0.4589516777519242,
    0.4226381086996296,
    0.8968538433042502,
    0.4999987884083074,
    0.19304952268158207,
    0.19311138906545872,
    0.3051217128088798,
    0.07339761370709728,
    0.4995019134273087,
    0.047334013644538014,
    0.04991879840109087,
    0.49904520631988336,
    0.2755450191264617,
    0.499985007750642,
    0.2765967751427335,
    0.2641493726741422,
    0.30270545348428723,
    0.058552433508787825,
    0.05823511777987786,
    0.06451675141552822,
    0.08262548848266695,
    0.19076739292007047,
    0.19133847672449972,
    0.29873437820191134,
    0.2776083694694531
  ]
}