{
  "trained_at": "2026-05-21T02:44:00.748989",
  "accuracy": 0.47532703017743816,
  "architecture": "LSTM-128+LSTM-64+Attention+Dense-64-32-3",
  "sequence_len": 20,
  "n_features": 32,
  "n_samples": 38604,
  "pairs_used": [
    "EURUSD",
    "GBPUSD",
    "USDJPY",
    "AUDUSD",
    "XAUUSD",
    "BTCUSD"
  ],
  "model_size_kb": 567.40234375,
  "version": "2.1-LSTM-32feat",
  "scaler_mean": [
    0.5095979578417991,
    0.5096233885750536,
    0.5094752122744317,
    4.148808904429316e-06,
    1.0662565397838923e-05,
    3.3444061985450817e-05,
    0.00030347337436974355,
    0.30654515327257664,
    0.2296758492129246,
    -0.0001581951768259423,
    0.49803231151615573,
    0.03881006628003314,
    0.03881006628003314,
    0.5124526188974673,
    0.0647342257784134,
    0.522240057995029,
    0.20041526911770882,
    0.05463184741937696,
    0.46841342170671085,
    0.47571453115939477,
    0.4961422949461475,
    0.08955571665285833,
    0.07497928748964375,
    0.1024751449875725,
    0.0004438692230628307,
    0.0008061329766051999,
    0.0016210143163617008,
    0.0008613891895705325,
    0.17426770498987992,
    0.15807163511345726,
    0.5291969086448234,
    0.5291812464314575
  ],
  "scaler_scale": [
    0.17213225588955158,
    0.23295065307986926,
    0.14389483598347616,
    0.003322680632447047,
    0.005847464537239027,
    0.009134319200826585,
    0.017942414518278885,
    0.46105880566113155,
    0.42062436151659893,
    0.9115345321765265,
    0.4999961281870395,
    0.19314203332100596,
    0.19314203332100596,
    0.30551924038330486,
    0.07476163785361754,
    0.4995051349289392,
    0.0479264507063256,
    0.053597655867790986,
    0.49900129065135884,
    0.27654161149237255,
    0.4999851178902403,
    0.2855442001996386,
    0.26335791983000834,
    0.3032721379344771,
    0.05875994119193278,
    0.05920071324338651,
    0.0656579051919478,
    0.08320493374740211,
    0.1922408495977982,
    0.18945811416985955,
    0.2991959144493016,
    0.2782310191193951
  ]
}