{
  "trained_at": "2026-05-25T02:49:21.590139",
  "accuracy": 0.47481173721111397,
  "architecture": "LSTM-128+LSTM-64+Attention+Dense-64-32-3",
  "sequence_len": 20,
  "n_features": 32,
  "n_samples": 38508,
  "pairs_used": [
    "EURUSD",
    "GBPUSD",
    "USDJPY",
    "AUDUSD",
    "XAUUSD",
    "BTCUSD"
  ],
  "model_size_kb": 567.5068359375,
  "version": "2.1-LSTM-32feat",
  "scaler_mean": [
    0.50950625648308,
    0.5093769221631491,
    0.5094569722350812,
    3.914949505579324e-06,
    1.155397781707525e-05,
    2.9685370699837147e-05,
    0.0001971045341258742,
    0.3026110880398671,
    0.23312915282392027,
    -1.5232454897027889e-05,
    0.498312915282392,
    0.03877699335548173,
    0.03882890365448505,
    0.5127555328340621,
    0.06486483924821117,
    0.5227367109634552,
    0.20039714509447704,
    0.05339059351167536,
    0.47017753322259137,
    0.47843974396843136,
    0.49602886212624586,
    0.0834717607973422,
    0.07534779900332225,
    0.10208160299003323,
    0.00039600119583177055,
    0.0008066199704630259,
    0.0014980397057863563,
    0.0007998791709749839,
    0.17273268025820396,
    0.15930117594999169,
    0.5273230757792736,
    0.5273117752519293
  ],
  "scaler_scale": [
    0.17172956010048254,
    0.23265958930658368,
    0.14339077719622606,
    0.003255203996633373,
    0.0057197269098058405,
    0.008924496412710113,
    0.017712587984633637,
    0.45938830789996693,
    0.42282378235799545,
    0.8978874651375988,
    0.49999715373705433,
    0.19306304188474466,
    0.1931870075742046,
    0.30518642311977745,
    0.07344972206337241,
    0.49948277445229705,
    0.047348483174570556,
    0.04994512311971118,
    0.49910982806924403,
    0.2755680154226404,
    0.49998422981528884,
    0.27659397308461636,
    0.26395171563882136,
    0.3027555933769325,
    0.058618943704574336,
    0.0582905807994016,
    0.0645686302341243,
    0.08271306140398572,
    0.19092848139045826,
    0.19145324273876102,
    0.29874080360691374,
    0.2775612123429668
  ]
}