{
  "trained_at": "2026-06-14T02:58:19.369123",
  "accuracy": 0.47037469207830934,
  "architecture": "LSTM-128+LSTM-64+Attention+Dense-64-32-3",
  "sequence_len": 20,
  "n_features": 32,
  "n_samples": 38562,
  "pairs_used": [
    "EURUSD",
    "GBPUSD",
    "USDJPY",
    "AUDUSD",
    "XAUUSD",
    "BTCUSD"
  ],
  "model_size_kb": 567.4638671875,
  "version": "2.1-LSTM-32feat",
  "scaler_mean": [
    0.5083631325775114,
    0.5080654621898277,
    0.5081679702221653,
    -2.4007165163277005e-05,
    -6.996406200341196e-05,
    -0.00017444098401212665,
    -0.0006222110562692791,
    0.2914830750090716,
    0.24884661240993208,
    0.000598681663455443,
    0.4980042506868488,
    0.03874863926183194,
    0.03874863926183194,
    0.5103370130654411,
    0.06496736487847385,
    0.5209942460214608,
    0.20052289112443672,
    0.054591667039632086,
    0.47094500025918823,
    0.4760439227073311,
    0.4946348037945156,
    0.08659478513296356,
    0.07495723394328961,
    0.10110932559224509,
    5.17575394415572e-05,
    4.168898387870089e-05,
    -3.95856017461712e-05,
    7.530043386154176e-05,
    0.173360915929289,
    0.15998629520058236,
    0.5278618458263955,
    0.5278541166299348
  ],
  "scaler_scale": [
    0.17180459024680117,
    0.23281429775622206,
    0.14386008103710735,
    0.003368434564535966,
    0.005951726762376781,
    0.009403064460418224,
    0.019111984053077964,
    0.4544454774693303,
    0.43234474196182054,
    0.9178052537566935,
    0.49999601696881446,
    0.1929952906606489,
    0.19299529066064888,
    0.30527563346024816,
    0.0762099375872149,
    0.49955904719461375,
    0.048214849852842766,
    0.054765125895526436,
    0.49915509312242967,
    0.27605927739572905,
    0.49997121384103366,
    0.2812403390709438,
    0.2633223253407515,
    0.30147343145047867,
    0.059484685852681345,
    0.06015043783298118,
    0.06763819479958579,
    0.08412558171077544,
    0.1954540517377018,
    0.19462757736372155,
    0.2983189849760968,
    0.27720784807763704
  ]
}