{
  "trained_at": "2026-07-18T00:45:06.572846",
  "accuracy": 0.48263348885432866,
  "architecture": "LSTM-128+LSTM-64+Attention+Dense-64-32-3",
  "sequence_len": 20,
  "n_features": 32,
  "n_samples": 38576,
  "pairs_used": [
    "EURUSD",
    "GBPUSD",
    "USDJPY",
    "AUDUSD",
    "XAUUSD",
    "BTCUSD"
  ],
  "model_size_kb": 567.46484375,
  "version": "2.1-LSTM-32feat",
  "scaler_mean": [
    0.5067632975273358,
    0.5062352113906806,
    0.5069672886564237,
    -4.0871959406658254e-05,
    -0.00011696126688690339,
    -0.0002795073325787603,
    -0.0011224310667400784,
    0.2890454969426884,
    0.24981863405534252,
    -0.0007285699108312551,
    0.49588040211420875,
    0.03873458389470411,
    0.0386309462120427,
    0.5080917183551701,
    0.06577550663625766,
    0.5212716343662556,
    0.20050933858777287,
    0.05478192288867176,
    0.46932324593222097,
    0.47628737997025034,
    0.4913980723391025,
    0.08469789615504197,
    0.0749559539848689,
    0.09889625867965593,
    -0.0002120390642887851,
    -0.00047347097164488524,
    -0.0008277674589066763,
    -0.00045871515714830316,
    0.17381643941617497,
    0.16369980507085855,
    0.5238577463391383,
    0.5238326116982374
  ],
  "scaler_scale": [
    0.17082401152930926,
    0.23215438514985456,
    0.1432825798081467,
    0.0033453464316993264,
    0.005879633522976906,
    0.009273420096817912,
    0.018912496456666504,
    0.4533190903103935,
    0.43290793955997775,
    0.9098237780826491,
    0.4999830286252319,
    0.19296169543515165,
    0.19271376755905367,
    0.3048079710650971,
    0.07574856163656113,
    0.4995473126455475,
    0.04802084999931185,
    0.05330400325430358,
    0.49905804948910004,
    0.2753675478688276,
    0.49992600136471876,
    0.27843161196593985,
    0.26332025927962155,
    0.29852267702608876,
    0.06033244723260096,
    0.0595552598679412,
    0.06718387515326624,
    0.08439085432421893,
    0.19772657675082878,
    0.20092918782475602,
    0.29729721191391123,
    0.2761745573413257
  ]
}