{
  "trained_at": "2026-06-27T02:36:13.834316",
  "accuracy": 0.4791909762738234,
  "architecture": "LSTM-128+LSTM-64+Attention+Dense-64-32-3",
  "sequence_len": 20,
  "n_features": 32,
  "n_samples": 38561,
  "pairs_used": [
    "EURUSD",
    "GBPUSD",
    "USDJPY",
    "AUDUSD",
    "XAUUSD",
    "BTCUSD"
  ],
  "model_size_kb": 567.4541015625,
  "version": "2.1-LSTM-32feat",
  "scaler_mean": [
    0.5065490895146625,
    0.5062120549506829,
    0.506486681460371,
    -4.001384669137378e-05,
    -0.00011347207375261038,
    -0.00026744362832458395,
    -0.0008933838541834752,
    0.28889868069775276,
    0.25289650346025244,
    -0.0005939323144762373,
    0.4985873875741946,
    0.03872372411290532,
    0.03877556310100827,
    0.507841240450809,
    0.0654442505865007,
    0.5214483813275965,
    0.20060401210774642,
    0.05422404115213152,
    0.47147559679635054,
    0.47755709609418123,
    0.49244446748399473,
    0.08369404629221637,
    0.07539980819574402,
    0.0996086156398227,
    -0.00021299064989265112,
    -0.0004298878989340565,
    -0.0007845331393729104,
    -0.00042479901634950547,
    0.17256935542142177,
    0.16276607053034378,
    0.5242681878721408,
    0.5242789603163681
  ],
  "scaler_scale": [
    0.17091132215076588,
    0.23206279944350364,
    0.14329475043873788,
    0.0033293387489792764,
    0.005866335224217722,
    0.009278286075645249,
    0.01899403383686674,
    0.4532507396451226,
    0.43467213160936713,
    0.9072303978937053,
    0.4999980045221525,
    0.1929357336102696,
    0.19305962500535423,
    0.3047168618799931,
    0.07555077655694037,
    0.49953975511307,
    0.04806952106823168,
    0.05267072427580879,
    0.4991856953297797,
    0.275590051179721,
    0.4999429106692079,
    0.2769284256038963,
    0.26403537096341667,
    0.2994774437752212,
    0.05996177977326098,
    0.05952760762881319,
    0.06735190393949596,
    0.08408276803154763,
    0.1957470585491273,
    0.1993887392350557,
    0.2976669573401271,
    0.2764659248935939
  ]
}