{
  "trained_at": "2026-05-03T02:14:55.365554",
  "accuracy": 0.47210355987055014,
  "architecture": "LSTM-128+LSTM-64+Attention+Dense-64-32-3",
  "sequence_len": 20,
  "n_features": 32,
  "n_samples": 38623,
  "pairs_used": [
    "EURUSD",
    "GBPUSD",
    "USDJPY",
    "AUDUSD",
    "XAUUSD",
    "BTCUSD"
  ],
  "model_size_kb": 567.400390625,
  "version": "2.1-LSTM-32feat",
  "scaler_mean": [
    0.5104873782456142,
    0.51053035897929,
    0.5103907955408573,
    2.242898294153684e-05,
    6.358809115714419e-05,
    0.00015708322608382354,
    0.0006848994041822012,
    0.31048314054291853,
    0.22438734052739176,
    -5.753019018675648e-05,
    0.4962606422896773,
    0.038687472504722716,
    0.038687472504722716,
    0.5134708853687365,
    0.0658343407897886,
    0.5214398468027844,
    0.20046852134484638,
    0.0538839725807531,
    0.47320342623502315,
    0.4796092703161683,
    0.49675232254224566,
    0.08299045105193696,
    0.07530471236705225,
    0.10242475998240302,
    0.0006767786198012001,
    0.0013299455879921662,
    0.0025744371531286427,
    0.0013279463512217255,
    0.17553171802978232,
    0.16053330983186506,
    0.5273920842560587,
    0.527411197974978
  ],
  "scaler_scale": [
    0.17193025730715672,
    0.23339082169191933,
    0.1437480646805889,
    0.0032817977853723842,
    0.005766910904343233,
    0.00901341982190689,
    0.017869247100190173,
    0.4626914306333378,
    0.4171782136430857,
    0.9042038956875148,
    0.49998601700839024,
    0.1928490393440399,
    0.19284903934403988,
    0.30548548930959046,
    0.07367082422625996,
    0.4995401214808208,
    0.04712899303981891,
    0.049903123916539914,
    0.4992814272877154,
    0.27580341935333585,
    0.49998945247988014,
    0.27586778732960654,
    0.2638823841456033,
    0.30320608259886567,
    0.059130795902272174,
    0.058808074699396806,
    0.06550971311431744,
    0.08337097555138372,
    0.19327178048575894,
    0.19173494631009302,
    0.29970686147615333,
    0.27866421155080623
  ]
}