{
  "trained_at": "2026-06-17T03:02:06.103548",
  "accuracy": 0.4758942457231726,
  "architecture": "LSTM-128+LSTM-64+Attention+Dense-64-32-3",
  "sequence_len": 20,
  "n_features": 32,
  "n_samples": 38577,
  "pairs_used": [
    "EURUSD",
    "GBPUSD",
    "USDJPY",
    "AUDUSD",
    "XAUUSD",
    "BTCUSD"
  ],
  "model_size_kb": 567.4287109375,
  "version": "2.1-LSTM-32feat",
  "scaler_mean": [
    0.5092503352100163,
    0.5086211823022189,
    0.5091182032903255,
    -1.421560620831781e-05,
    -4.092688842199291e-05,
    -0.00011074673187178178,
    -0.0005595812788247298,
    0.29364976552581806,
    0.2440086017047957,
    0.0005987287562948638,
    0.49744798818561026,
    0.03873358033007747,
    0.03875948907946213,
    0.5117272246613997,
    0.0649780702326916,
    0.5211804026219654,
    0.20032637523606941,
    0.05454633585761361,
    0.4686115501204757,
    0.4760397590631488,
    0.49454620825452755,
    0.08674249293986579,
    0.07516128196491956,
    0.10065549135943208,
    0.0001880039237477222,
    0.0003327108624404559,
    0.000499061862433784,
    0.0003628229597153489,
    0.17392009753876328,
    0.1592579202487693,
    0.5290069976802575,
    0.529013001991342
  ],
  "scaler_scale": [
    0.1715996319948688,
    0.23271583877870766,
    0.143668095462222,
    0.0033719797592144858,
    0.005959792552763976,
    0.009424942287459924,
    0.019122711010546172,
    0.4554333987889449,
    0.42949785098282633,
    0.9179631080180085,
    0.4999934871932827,
    0.19295929644588497,
    0.19302121926296392,
    0.3051195870922336,
    0.076330736469672,
    0.49955118911355967,
    0.04824875710049289,
    0.054821889875742304,
    0.4990137926091428,
    0.27613991907547025,
    0.4999702552708481,
    0.2814573375459292,
    0.2636514055686209,
    0.3008720050430472,
    0.05957326071314301,
    0.06021987350653999,
    0.0679235568348931,
    0.08423031775810516,
    0.196206830703864,
    0.19431759177939734,
    0.2981400807800354,
    0.277049258461429
  ]
}