{
  "trained_at": "2026-05-30T02:34:09.997421",
  "accuracy": 0.481399870382372,
  "architecture": "LSTM-128+LSTM-64+Attention+Dense-64-32-3",
  "sequence_len": 20,
  "n_features": 32,
  "n_samples": 38574,
  "pairs_used": [
    "EURUSD",
    "GBPUSD",
    "USDJPY",
    "AUDUSD",
    "XAUUSD",
    "BTCUSD"
  ],
  "model_size_kb": 567.4501953125,
  "version": "2.1-LSTM-32feat",
  "scaler_mean": [
    0.509713280197072,
    0.5097678898855598,
    0.5095582859903488,
    4.760955805782245e-06,
    1.0864480361728652e-05,
    2.831410333150083e-05,
    0.00020056512748342276,
    0.3026895372337669,
    0.2321604394465461,
    0.00030198488224190045,
    0.49847126496346583,
    0.038917966523293775,
    0.03878841270663834,
    0.5129211199096355,
    0.06456160748094093,
    0.5217132196714516,
    0.2003996279166174,
    0.05319990012740144,
    0.4709799450691817,
    0.4784669375657077,
    0.4960356532103436,
    0.08340674716277141,
    0.07555578587345183,
    0.10219205057781003,
    0.00042031830463140315,
    0.0007739961307245175,
    0.0014966035097168776,
    0.0008122044904950456,
    0.1719639759179008,
    0.1586481147095989,
    0.5278171464282783,
    0.5277677719262412
  ],
  "scaler_scale": [
    0.1714624142342944,
    0.23240965892938995,
    0.14335834767941624,
    0.003250856302922794,
    0.005713331851386213,
    0.008915061712193627,
    0.017706329028571468,
    0.45942200783481735,
    0.42221081203888267,
    0.8959909376844294,
    0.4999976629637264,
    0.1933994788126006,
    0.19309032017772884,
    0.30516035063459646,
    0.07350295695973502,
    0.4995283136034427,
    0.04735272343814919,
    0.050033633588230306,
    0.4991571259751906,
    0.27546534993746247,
    0.4999842837075295,
    0.2764960428116412,
    0.2642860365106279,
    0.3029007021723659,
    0.05855113527694528,
    0.058203751645487384,
    0.06446428346345423,
    0.08257032270880921,
    0.19091183076624596,
    0.1916393134202029,
    0.2985056022444291,
    0.27734320843217536
  ]
}