{
  "mean": [
    0.5103702856398333,
    0.5102891554324623,
    0.5103180982859867,
    1.4134725287868991e-05,
    4.686496019286957e-05,
    0.00013605912420632327,
    0.0006424946418086474,
    0.31329482763086325,
    0.22259058768680878,
    -0.0022370186514922455,
    0.4963868528063405,
    0.038825144396384265,
    0.03877334300292678,
    0.5136275720270964,
    0.06508633179544081,
    0.5200859903131394,
    0.20055073624165473,
    0.05481709536625578,
    0.4698386386593799,
    0.4762934819228364,
    0.4969307674376441,
    0.08920199953378746,
    0.0748012121526069,
    0.10243725556217462,
    0.0005818904776793099,
    0.0011870146962733702,
    0.0025402729877299006,
    0.0011653647807980173,
    0.17563396833905365,
    0.1581489373127604,
    0.5297195575058635,
    0.5297482582345122
  ],
  "scale": [
    0.17231038074020114,
    0.2332280032701528,
    0.14387427793140126,
    0.0033390912520091486,
    0.0058705303760181494,
    0.009163330651583356,
    0.017977024156674515,
    0.4638331366026051,
    0.41598559826038434,
    0.9145308531252029,
    0.4999869449969238,
    0.1931780333241442,
    0.19305432104799977,
    0.305633376900725,
    0.07502709957804973,
    0.4995963900921827,
    0.047981895788247915,
    0.053729403614411336,
    0.4990894632048251,
    0.27649486466102186,
    0.4999905797227366,
    0.28503509049406817,
    0.26307031534003905,
    0.3032224665737424,
    0.05906666913268806,
    0.059402877311244835,
    0.06584029828942174,
    0.08359742013775129,
    0.19390938580607517,
    0.18979364238442914,
    0.2998019094071995,
    0.2788170360080804
  ],
  "n_features": 32,
  "sequence_len": 20,
  "version": "2.1-LSTM-32feat",
  "feature_names": [
    "rsi14",
    "rsi7",
    "rsi21",
    "e8d",
    "e21d",
    "e50d",
    "e200d",
    "ebull",
    "ebear",
    "mhist",
    "msig",
    "mcup",
    "mcdn",
    "bbpos",
    "bbwid",
    "bbsqz",
    "aratr",
    "apct",
    "aup",
    "brat",
    "bull2",
    "pinb",
    "pins",
    "engulf",
    "m5",
    "m20",
    "m60",
    "roc",
    "demand",
    "supply",
    "sk",
    "sd"
  ]
}