{
  "mean": [
    0.5104896429570692,
    0.5104894155965627,
    0.5102645559259548,
    2.0724139631279287e-05,
    5.883045749120753e-05,
    0.00014734977447592457,
    0.0006498118674048851,
    0.3089605549228699,
    0.22629154156745004,
    4.612804418835165e-05,
    0.49694585360803395,
    0.03861683404079097,
    0.03861683404079097,
    0.5135123908578124,
    0.0657317109323507,
    0.5213790247437623,
    0.20030229373484829,
    0.053818231663007685,
    0.47033854436277045,
    0.47918491949127556,
    0.49679055802878147,
    0.08326431307588777,
    0.07531835593746765,
    0.10241743451703075,
    0.0006433543825499757,
    0.001285617988096191,
    0.0025249833907008403,
    0.001300149842201146,
    0.17521993746208664,
    0.16044431602863246,
    0.5273698214355204,
    0.5273614203134082
  ],
  "scale": [
    0.17210221511144452,
    0.23347176162632152,
    0.1438167690777225,
    0.0032771106335544344,
    0.0057585074092382435,
    0.00900521911640258,
    0.017957115928067164,
    0.4620648552147438,
    0.4184300177837114,
    0.9029484351911856,
    0.4999906721028068,
    0.1926799786419362,
    0.1926799786419362,
    0.3053820739643547,
    0.07362121571313122,
    0.4995427282035097,
    0.047321506522662746,
    0.04996034910386037,
    0.49911942263298137,
    0.27578715612222465,
    0.4999896993761304,
    0.2762813190280666,
    0.26390434099564297,
    0.303196476932006,
    0.05904088810795619,
    0.05874276000614037,
    0.06541099834892371,
    0.08324702215739962,
    0.19295398721367818,
    0.19170857562135546,
    0.29968827789973806,
    0.2786828275290566
  ],
  "n_features": 32,
  "sequence_len": 20,
  "version": "2.1-LSTM-32feat",
  "feature_names": [
    "rsi14",
    "rsi7",
    "rsi21",
    "e8d",
    "e21d",
    "e50d",
    "e200d",
    "ebull",
    "ebear",
    "mhist",
    "msig",
    "mcup",
    "mcdn",
    "bbpos",
    "bbwid",
    "bbsqz",
    "aratr",
    "apct",
    "aup",
    "brat",
    "bull2",
    "pinb",
    "pins",
    "engulf",
    "m5",
    "m20",
    "m60",
    "roc",
    "demand",
    "supply",
    "sk",
    "sd"
  ]
}