{
  "mean": [
    0.5097714147271593,
    0.5096707060665557,
    0.5096848473887987,
    3.3296581881914045e-06,
    9.284667374840484e-06,
    2.3800296551763068e-05,
    0.0001863814869160056,
    0.30335532124863657,
    0.23227548953409857,
    0.00017259516768936518,
    0.4986755310860645,
    0.03877317820599387,
    0.03879914818469849,
    0.5128414822801642,
    0.06457099780750497,
    0.5216329922609464,
    0.2003346610360257,
    0.05322624079484744,
    0.47080974393601,
    0.4783168085499006,
    0.4958707733859658,
    0.0834415415779359,
    0.07539084817950449,
    0.10208798628785125,
    0.00039130083663416334,
    0.0007750701499383114,
    0.0014299587599575759,
    0.0007887528029114196,
    0.17203391109335414,
    0.15872418859683804,
    0.5277946079875729,
    0.5277920342775935
  ],
  "scale": [
    0.17146624884566922,
    0.2324808020644641,
    0.14333282355335733,
    0.003251940227309394,
    0.005716933806490921,
    0.008923470860559878,
    0.017738440654269064,
    0.4597073746621573,
    0.4222837748431656,
    0.896333043536609,
    0.4999982457790188,
    0.19305392733068166,
    0.19311596072008208,
    0.3051802437217908,
    0.07355273964057985,
    0.49953179442938145,
    0.047443616364588194,
    0.05008112769588805,
    0.4991472016859542,
    0.2754874908067287,
    0.49998294919684017,
    0.2765484599795007,
    0.26402096164941036,
    0.30276398290342055,
    0.058561523636214356,
    0.05824576277837043,
    0.0645319169150253,
    0.0825985096424834,
    0.1909977011290888,
    0.19177308276485133,
    0.29843408190555604,
    0.27727581239749405
  ],
  "n_features": 32,
  "sequence_len": 20,
  "version": "2.1-LSTM-32feat",
  "feature_names": [
    "rsi14",
    "rsi7",
    "rsi21",
    "e8d",
    "e21d",
    "e50d",
    "e200d",
    "ebull",
    "ebear",
    "mhist",
    "msig",
    "mcup",
    "mcdn",
    "bbpos",
    "bbwid",
    "bbsqz",
    "aratr",
    "apct",
    "aup",
    "brat",
    "bull2",
    "pinb",
    "pins",
    "engulf",
    "m5",
    "m20",
    "m60",
    "roc",
    "demand",
    "supply",
    "sk",
    "sd"
  ]
}