{
  "mean": [
    0.5085316362413688,
    0.5078595938703111,
    0.508583770906642,
    -1.9869283551664755e-05,
    -4.986419866294546e-05,
    -0.00011179468593147393,
    -0.0004736408982862308,
    0.2961408961408961,
    0.24245014245014246,
    -0.001388157465087491,
    0.49562289562289563,
    0.03851333851333851,
    0.03856513856513857,
    0.5106898201405253,
    0.06520124623463681,
    0.5205128205128206,
    0.20039934142394056,
    0.05384339590873579,
    0.47052577052577055,
    0.4776259288147555,
    0.493991193991194,
    0.08355348355348355,
    0.07544677544677544,
    0.10025900025900025,
    4.2898831105072914e-05,
    0.00022883202954153048,
    0.0005421114620309109,
    0.00018124200035931116,
    0.17296340665094984,
    0.1607153658248247,
    0.526743090851111,
    0.5267886099829489
  ],
  "scale": [
    0.17164635653133242,
    0.23280727456805267,
    0.14372156428002236,
    0.00330839796251653,
    0.005836952047813628,
    0.009218252261582374,
    0.018868056994436912,
    0.4565539023749146,
    0.42856513026149023,
    0.9046157985314301,
    0.499980840590189,
    0.19243196530175413,
    0.1925561441569451,
    0.30528561649456,
    0.07497625361533969,
    0.49957904699317485,
    0.04786570412836658,
    0.05192089618041275,
    0.4991305137906321,
    0.27547387836927134,
    0.4999638929466292,
    0.2767170015368794,
    0.26411088489772494,
    0.30034502347477987,
    0.05952695038507708,
    0.059332898527459495,
    0.06685505307409284,
    0.0837276299473723,
    0.19520373463096347,
    0.19635245214694746,
    0.29806698395438935,
    0.27690660180423937
  ],
  "n_features": 32,
  "sequence_len": 20,
  "version": "2.1-LSTM-32feat",
  "feature_names": [
    "rsi14",
    "rsi7",
    "rsi21",
    "e8d",
    "e21d",
    "e50d",
    "e200d",
    "ebull",
    "ebear",
    "mhist",
    "msig",
    "mcup",
    "mcdn",
    "bbpos",
    "bbwid",
    "bbsqz",
    "aratr",
    "apct",
    "aup",
    "brat",
    "bull2",
    "pinb",
    "pins",
    "engulf",
    "m5",
    "m20",
    "m60",
    "roc",
    "demand",
    "supply",
    "sk",
    "sd"
  ]
}