{
  "mean": [
    0.5089842504325431,
    0.5083893371514397,
    0.5089074890425267,
    -1.4427465037295826e-05,
    -4.3149180949834174e-05,
    -0.00012500365140177128,
    -0.0005662583323571517,
    0.2933999896389162,
    0.24584261513754338,
    0.001958909575680405,
    0.49805729679324456,
    0.03851732891260426,
    0.03862093975029788,
    0.5113983796666645,
    0.06519153942317356,
    0.5204631404444905,
    0.20037698728679265,
    0.053850584301825107,
    0.47054861938558773,
    0.47756516118871867,
    0.49424959850800393,
    0.08343262705278973,
    0.07537688442211055,
    0.10058022069108428,
    0.00014557854597646496,
    0.0003040487730172946,
    0.00021027044043493107,
    0.0003089422615531129,
    0.17308510589536583,
    0.16058128904523664,
    0.5274883918971137,
    0.5275217989100859
  ],
  "scale": [
    0.17163164868475142,
    0.23277572696441684,
    0.14371510326510042,
    0.00330247295472469,
    0.005831478989802656,
    0.009213127672456049,
    0.018870209723407708,
    0.45532014640118895,
    0.4305856752376664,
    0.9035213430337029,
    0.49999622589000653,
    0.19244153472169803,
    0.19268980970228225,
    0.30521621173246577,
    0.07491731797123644,
    0.4995810843928632,
    0.047782509652971324,
    0.051831286231901384,
    0.4991318625172161,
    0.2755219157442876,
    0.4999669317891742,
    0.2765350317696834,
    0.2639985032475115,
    0.30077207300016584,
    0.05939491179742747,
    0.05931069822075978,
    0.06675280864312774,
    0.08368134201698327,
    0.19505717290090144,
    0.19605618383175957,
    0.298146832198516,
    0.2769916680364047
  ],
  "n_features": 32,
  "sequence_len": 20,
  "version": "2.1-LSTM-32feat",
  "feature_names": [
    "rsi14",
    "rsi7",
    "rsi21",
    "e8d",
    "e21d",
    "e50d",
    "e200d",
    "ebull",
    "ebear",
    "mhist",
    "msig",
    "mcup",
    "mcdn",
    "bbpos",
    "bbwid",
    "bbsqz",
    "aratr",
    "apct",
    "aup",
    "brat",
    "bull2",
    "pinb",
    "pins",
    "engulf",
    "m5",
    "m20",
    "m60",
    "roc",
    "demand",
    "supply",
    "sk",
    "sd"
  ]
}