{
  "mean": [
    0.5096700952829093,
    0.5096256527533687,
    0.5095490839581172,
    2.3328762791131778e-06,
    7.12022929812724e-06,
    2.6203199995036367e-05,
    0.00020670766851313166,
    0.30298476526064877,
    0.23152658306560264,
    -0.0005218802773713922,
    0.49743496735412995,
    0.03901958752202301,
    0.03901958752202301,
    0.512484190366786,
    0.0643611129981799,
    0.5223598300342004,
    0.2003192227526197,
    0.05429278059784513,
    0.46826095968494147,
    0.4760353896854361,
    0.4960358586382009,
    0.08873976577883719,
    0.07498186340553425,
    0.10241993989014406,
    0.0004195770831447663,
    0.0007600482742801352,
    0.0015698158868508014,
    0.000816342382350044,
    0.17333262705146918,
    0.1574465917684907,
    0.5293949078564344,
    0.529391442126599
  ],
  "scale": [
    0.17156753527502747,
    0.23244548891835712,
    0.14339842951268372,
    0.003320474948184591,
    0.00584256875735933,
    0.009130302697359371,
    0.01799375803897892,
    0.45954868869424315,
    0.42180804212291795,
    0.9102683450056471,
    0.4999934205642367,
    0.19364157433679932,
    0.19364157433679935,
    0.3052939087004786,
    0.07487670325914082,
    0.4994997877885852,
    0.04786794657094649,
    0.05344481279643679,
    0.49899161648256085,
    0.2763791040975457,
    0.499984285336313,
    0.2843677544102958,
    0.26336207693167984,
    0.30319976220809164,
    0.058715345077820766,
    0.05910648620427786,
    0.06560384512218273,
    0.08310779984673117,
    0.19222418248125098,
    0.18967306666003314,
    0.2985899733699594,
    0.27752356447761223
  ],
  "n_features": 32,
  "sequence_len": 20,
  "version": "2.1-LSTM-32feat",
  "feature_names": [
    "rsi14",
    "rsi7",
    "rsi21",
    "e8d",
    "e21d",
    "e50d",
    "e200d",
    "ebull",
    "ebear",
    "mhist",
    "msig",
    "mcup",
    "mcdn",
    "bbpos",
    "bbwid",
    "bbsqz",
    "aratr",
    "apct",
    "aup",
    "brat",
    "bull2",
    "pinb",
    "pins",
    "engulf",
    "m5",
    "m20",
    "m60",
    "roc",
    "demand",
    "supply",
    "sk",
    "sd"
  ]
}