{
  "mean": [
    0.5109156314998414,
    0.5110149864927799,
    0.5106934464788592,
    2.4796874138336332e-05,
    6.781328480453581e-05,
    0.00016518152494329023,
    0.0006267368555345093,
    0.31253715142273797,
    0.22290853642777764,
    7.68088184788598e-05,
    0.49673067479905925,
    0.03876670198743959,
    0.03871501305145634,
    0.5143979660397006,
    0.06528725419937977,
    0.5207918744992635,
    0.20036391140043205,
    0.05360785570414207,
    0.46961982787584317,
    0.4790661183887095,
    0.496678985863076,
    0.08306412012508722,
    0.0754916910035407,
    0.10247331558679865,
    0.0007086832836950398,
    0.001331923322461663,
    0.002656616850130256,
    0.0013901190785821987,
    0.17441014394425705,
    0.1593309215838975,
    0.5280158538151712,
    0.5279669271852847
  ],
  "scale": [
    0.17183393842809006,
    0.23340396515930936,
    0.1431577343390533,
    0.0032639549770712623,
    0.005728254823373961,
    0.008930025310711782,
    0.01769314975831731,
    0.46352743220148096,
    0.4161974541193204,
    0.8997110979250508,
    0.49998931139848424,
    0.19303845421173635,
    0.19291490563427674,
    0.30519249469649196,
    0.07342171887003075,
    0.4995675109079922,
    0.047297853199433415,
    0.04993595468168538,
    0.49907619171996837,
    0.27584343923542864,
    0.49998897074345783,
    0.2759791152839872,
    0.2641830721166037,
    0.30326973996666234,
    0.05880662271455045,
    0.05835858060046511,
    0.0646581524866491,
    0.08294683177028316,
    0.1922627359140445,
    0.19099023178887486,
    0.2995005258570025,
    0.27838185510249985
  ],
  "n_features": 32,
  "sequence_len": 20,
  "version": "2.1-LSTM-32feat",
  "feature_names": [
    "rsi14",
    "rsi7",
    "rsi21",
    "e8d",
    "e21d",
    "e50d",
    "e200d",
    "ebull",
    "ebear",
    "mhist",
    "msig",
    "mcup",
    "mcdn",
    "bbpos",
    "bbwid",
    "bbsqz",
    "aratr",
    "apct",
    "aup",
    "brat",
    "bull2",
    "pinb",
    "pins",
    "engulf",
    "m5",
    "m20",
    "m60",
    "roc",
    "demand",
    "supply",
    "sk",
    "sd"
  ]
}