{
  "mean": [
    0.507396262899706,
    0.5068406721275001,
    0.5073942900044459,
    -4.000616341954279e-05,
    -0.00011575446655578732,
    -0.00027634092063823126,
    -0.0010593309380766093,
    0.2874361699370124,
    0.24969543015630266,
    4.519099481776817e-05,
    0.49913165193499054,
    0.03890717747997615,
    0.03888125664221467,
    0.5089810098579669,
    0.06556782534467243,
    0.5216050182741906,
    0.20045205108244815,
    0.05545709231241304,
    0.46686020892195235,
    0.47496412933676735,
    0.4921330257393919,
    0.08748282744498302,
    0.07504082531947433,
    0.09974338370616138,
    -0.00016442297346642878,
    -0.0004300393883834313,
    -0.0007654673601833547,
    -0.0003637801409924992,
    0.17470043306738817,
    0.16256805443582525,
    0.5257804794712075,
    0.5257680350541957
  ],
  "scale": [
    0.1711285034384763,
    0.23232876163118463,
    0.1432419415885342,
    0.0034119474732680712,
    0.006000344223287161,
    0.009473364806955303,
    0.019205565405497824,
    0.4525667002210318,
    0.43283671553527164,
    0.9234679500076188,
    0.49999924597106943,
    0.19337375473553228,
    0.1933119358036045,
    0.30499665451019214,
    0.07707476468407985,
    0.49953300510113624,
    0.04873152667985565,
    0.05613769235048239,
    0.4989005454469892,
    0.27596662216828877,
    0.49993810688522533,
    0.2825412931718377,
    0.26345720687589186,
    0.29965753972327624,
    0.06046656718430316,
    0.06038994424068824,
    0.06829284282482105,
    0.08488541478405005,
    0.1984501651277247,
    0.19914267344286887,
    0.2977777778556111,
    0.27666221012783054
  ],
  "n_features": 32,
  "sequence_len": 20,
  "version": "2.1-LSTM-32feat",
  "feature_names": [
    "rsi14",
    "rsi7",
    "rsi21",
    "e8d",
    "e21d",
    "e50d",
    "e200d",
    "ebull",
    "ebear",
    "mhist",
    "msig",
    "mcup",
    "mcdn",
    "bbpos",
    "bbwid",
    "bbsqz",
    "aratr",
    "apct",
    "aup",
    "brat",
    "bull2",
    "pinb",
    "pins",
    "engulf",
    "m5",
    "m20",
    "m60",
    "roc",
    "demand",
    "supply",
    "sk",
    "sd"
  ]
}