{
  "mean": [
    0.5080879828550339,
    0.5076227626351443,
    0.5080743981542236,
    -2.457512072117461e-05,
    -6.592535011393542e-05,
    -0.00014459885624433402,
    -0.0004906491610606947,
    0.29456075640293,
    0.2439867006078238,
    -0.001745137670025797,
    0.4969089303340433,
    0.03867733388747467,
    0.038625383136786325,
    0.5102671936013994,
    0.0650484511697983,
    0.5216374876616967,
    0.2003879041878942,
    0.053842076553964384,
    0.46971271234869344,
    0.47771058513464415,
    0.4936100576653333,
    0.08361473323289521,
    0.07569224375292223,
    0.0998493428230038,
    -4.7394685233449766e-06,
    4.1393658456537546e-05,
    0.0002906268597961817,
    6.9604686448241434e-06,
    0.17238108042321726,
    0.1609779895364827,
    0.5262554448216572,
    0.5262507833581171
  ],
  "scale": [
    0.1709708649105588,
    0.2322789032399361,
    0.14331644822816492,
    0.003300384747098804,
    0.005829655756252359,
    0.009224497699058126,
    0.018918995856000792,
    0.4558450583150636,
    0.42948479662769434,
    0.901711206486864,
    0.499990445197026,
    0.19282478505324854,
    0.19270044866144656,
    0.3048561643490095,
    0.07485458077342069,
    0.49953159972887584,
    0.04795948967544097,
    0.051985304360380076,
    0.4990818371837698,
    0.275644091818238,
    0.49995916696962334,
    0.2768091573978126,
    0.2645050623118023,
    0.2997990186121663,
    0.05938303120945276,
    0.05927886631497296,
    0.06708497371381801,
    0.08348567631511615,
    0.1944067644916148,
    0.1967242113331316,
    0.2977253388418673,
    0.27655154908249546
  ],
  "n_features": 32,
  "sequence_len": 20,
  "version": "2.1-LSTM-32feat",
  "feature_names": [
    "rsi14",
    "rsi7",
    "rsi21",
    "e8d",
    "e21d",
    "e50d",
    "e200d",
    "ebull",
    "ebear",
    "mhist",
    "msig",
    "mcup",
    "mcdn",
    "bbpos",
    "bbwid",
    "bbsqz",
    "aratr",
    "apct",
    "aup",
    "brat",
    "bull2",
    "pinb",
    "pins",
    "engulf",
    "m5",
    "m20",
    "m60",
    "roc",
    "demand",
    "supply",
    "sk",
    "sd"
  ]
}