{
  "mean": [
    0.5068165405349734,
    0.5062381540103694,
    0.5070343425926586,
    -4.105226031925448e-05,
    -0.00011655250078951379,
    -0.0002783540404239985,
    -0.0010943385929979574,
    0.2906820066334992,
    0.2486266583747927,
    -0.0005927710994901254,
    0.49595771144278605,
    0.038738598673300165,
    0.03863495024875622,
    0.5081341789778843,
    0.06579251570844431,
    0.5217402570480929,
    0.20043253211917414,
    0.05477499756882371,
    0.4689832089552239,
    0.47622263102030543,
    0.49150082918739635,
    0.08470667495854063,
    0.0749896351575456,
    0.09893242122719735,
    -0.00022303200407071576,
    -0.000454065205830781,
    -0.0008482870662005158,
    -0.00045829442848832836,
    0.1738975074089149,
    0.16369709398001173,
    0.5238510109038551,
    0.5238308939617797
  ],
  "scale": [
    0.17089342660277226,
    0.23214545804516132,
    0.14334962999246312,
    0.0033443925902634265,
    0.00587912307633281,
    0.009272868263078196,
    0.018910520224655395,
    0.4540770613596568,
    0.43221689360803206,
    0.9099183362849042,
    0.4999836596362128,
    0.19297129228496435,
    0.19272335319839254,
    0.3047579110318697,
    0.07576230885047926,
    0.4995271376246569,
    0.04803301860893493,
    0.053308046393560835,
    0.4990370313646921,
    0.2753600151755714,
    0.49992775887671836,
    0.2784447057783803,
    0.26337461870211376,
    0.2985712599318992,
    0.06030811790399411,
    0.059570516666213186,
    0.06718003816114727,
    0.0843855275165388,
    0.19783398015266218,
    0.2009299126498415,
    0.297289127487708,
    0.27617382090645776
  ],
  "n_features": 32,
  "sequence_len": 20,
  "version": "2.1-LSTM-32feat",
  "feature_names": [
    "rsi14",
    "rsi7",
    "rsi21",
    "e8d",
    "e21d",
    "e50d",
    "e200d",
    "ebull",
    "ebear",
    "mhist",
    "msig",
    "mcup",
    "mcdn",
    "bbpos",
    "bbwid",
    "bbsqz",
    "aratr",
    "apct",
    "aup",
    "brat",
    "bull2",
    "pinb",
    "pins",
    "engulf",
    "m5",
    "m20",
    "m60",
    "roc",
    "demand",
    "supply",
    "sk",
    "sd"
  ]
}