{
  "mean": [
    0.507068469427355,
    0.5062671958149263,
    0.5072733825667661,
    -4.309830340218238e-05,
    -0.0001176275901085168,
    -0.00027936259881326364,
    -0.0011586129666314314,
    0.28651743613658737,
    0.2514378983367014,
    -0.0011599308481445652,
    0.4973832841079849,
    0.03862894450489663,
    0.03873257681745168,
    0.5085962641584069,
    0.06563126328162876,
    0.5212187159956474,
    0.2004688853249863,
    0.05472402200563613,
    0.46857350121767966,
    0.47648534726583464,
    0.4913467019016529,
    0.08430488626353697,
    0.07523705891496969,
    0.09927975542774237,
    -0.00026439635934392015,
    -0.0004479582068248081,
    -0.0008599555129539341,
    -0.0004928272898201212,
    0.17372817036268334,
    0.16353144542295608,
    0.5242305615367712,
    0.5242642341526286
  ],
  "scale": [
    0.170702384923046,
    0.23225800194699248,
    0.14305309183704337,
    0.0033386391833604336,
    0.0058664771256348724,
    0.009255709824565047,
    0.018883378879970686,
    0.4521340453076985,
    0.43383969575953285,
    0.9070872755583261,
    0.4999931527510557,
    0.19270897527446468,
    0.19295689754588172,
    0.3049350467902287,
    0.07558681786215636,
    0.4995495631981836,
    0.048198361508723864,
    0.05322946504354692,
    0.4990113978400542,
    0.27541101431761883,
    0.49992511482423163,
    0.2778445112209868,
    0.2637734707676173,
    0.2990372645506744,
    0.060209173668344614,
    0.05939199034005242,
    0.06708900237162659,
    0.08420580740172694,
    0.1971012051692494,
    0.2006329233671219,
    0.2974391166873748,
    0.27627866638212845
  ],
  "n_features": 32,
  "sequence_len": 20,
  "version": "2.1-LSTM-32feat",
  "feature_names": [
    "rsi14",
    "rsi7",
    "rsi21",
    "e8d",
    "e21d",
    "e50d",
    "e200d",
    "ebull",
    "ebear",
    "mhist",
    "msig",
    "mcup",
    "mcdn",
    "bbpos",
    "bbwid",
    "bbsqz",
    "aratr",
    "apct",
    "aup",
    "brat",
    "bull2",
    "pinb",
    "pins",
    "engulf",
    "m5",
    "m20",
    "m60",
    "roc",
    "demand",
    "supply",
    "sk",
    "sd"
  ]
}