{
  "mean": [
    0.5066269535177015,
    0.5063852913681502,
    0.5064792818951177,
    -3.8972252839128126e-05,
    -0.0001123209506090777,
    -0.00027070246164775165,
    -0.0009064259557340172,
    0.2886370708432735,
    0.2528005393631366,
    0.0001438524744477016,
    0.4990924177989835,
    0.03871486360336065,
    0.03874079452338969,
    0.507954693509412,
    0.06546231461466938,
    0.5219894201846281,
    0.2004989156804617,
    0.05427146124943363,
    0.4710092314075303,
    0.4775516941312976,
    0.49253189503163575,
    0.08378280261383673,
    0.07535525360439789,
    0.0995747329115237,
    -0.00019350845362008258,
    -0.0004197637746017306,
    -0.0008524745303533653,
    -0.0003961126414560972,
    0.17271186396219385,
    0.16282274599079405,
    0.5244842466514801,
    0.5245010583635409
  ],
  "scale": [
    0.170933932539993,
    0.23200849699820403,
    0.14329829022100676,
    0.003329988337992658,
    0.00586786388534765,
    0.009279424479560882,
    0.019014830418640015,
    0.45312880307732445,
    0.43461756368196147,
    0.907480525861907,
    0.49999917629386986,
    0.19291454828377722,
    0.1929765409656992,
    0.30478106931809257,
    0.07556899696571642,
    0.4995162313678544,
    0.048085157227940954,
    0.052717969977235844,
    0.49915882776569015,
    0.27558819878963237,
    0.49994422429725244,
    0.27706180646203765,
    0.26396370841199884,
    0.29943213835044896,
    0.05996830761272479,
    0.05955011073484537,
    0.06737622594901795,
    0.08410422338785636,
    0.19595349759405917,
    0.19948601792564374,
    0.29766524302750896,
    0.2764736467365122
  ],
  "n_features": 32,
  "sequence_len": 20,
  "version": "2.1-LSTM-32feat",
  "feature_names": [
    "rsi14",
    "rsi7",
    "rsi21",
    "e8d",
    "e21d",
    "e50d",
    "e200d",
    "ebull",
    "ebear",
    "mhist",
    "msig",
    "mcup",
    "mcdn",
    "bbpos",
    "bbwid",
    "bbsqz",
    "aratr",
    "apct",
    "aup",
    "brat",
    "bull2",
    "pinb",
    "pins",
    "engulf",
    "m5",
    "m20",
    "m60",
    "roc",
    "demand",
    "supply",
    "sk",
    "sd"
  ]
}