{
  "mean": [
    0.5094572020687027,
    0.5091608471978595,
    0.5094168219537623,
    -6.688749148504832e-06,
    -1.3790734366232267e-05,
    -1.434650299556209e-05,
    6.742532424128984e-05,
    0.30242436800663075,
    0.23476999585578118,
    -0.0019945600236084427,
    0.49735806050559467,
    0.038567136344799004,
    0.03867074181516784,
    0.5121717745069102,
    0.06463730799582808,
    0.521083713220058,
    0.20035967894660855,
    0.053198629619965264,
    0.47044653957728966,
    0.4782818694433346,
    0.4953636552009946,
    0.08337650227932035,
    0.07524347285536677,
    0.10171467053460423,
    0.000243426734342252,
    0.0005629947082193481,
    0.0012811851197742294,
    0.000499157974400396,
    0.17163536354097433,
    0.15915644789625788,
    0.5275446561697072,
    0.5275664723327245
  ],
  "scale": [
    0.17170942137725506,
    0.23265583801439307,
    0.14354794256188064,
    0.0032591710103662863,
    0.005744166727025161,
    0.008977215472175079,
    0.017822441523404616,
    0.45930803350520744,
    0.4238549809801197,
    0.8972041242801715,
    0.499993020106989,
    0.19256093149691783,
    0.19280901312602708,
    0.3051660617044319,
    0.07378226297901415,
    0.49955527926031795,
    0.0475287870889483,
    0.05015811548612171,
    0.4991258288017595,
    0.2755669320139031,
    0.49997850384482007,
    0.27645046780026766,
    0.26378379906285077,
    0.30227271847231124,
    0.05863222030248036,
    0.05848002735220605,
    0.06474592150231322,
    0.0828522859616951,
    0.19088258265991404,
    0.19270251408610384,
    0.29842252899946964,
    0.2773287977764451
  ],
  "n_features": 32,
  "sequence_len": 20,
  "version": "2.1-LSTM-32feat",
  "feature_names": [
    "rsi14",
    "rsi7",
    "rsi21",
    "e8d",
    "e21d",
    "e50d",
    "e200d",
    "ebull",
    "ebear",
    "mhist",
    "msig",
    "mcup",
    "mcdn",
    "bbpos",
    "bbwid",
    "bbsqz",
    "aratr",
    "apct",
    "aup",
    "brat",
    "bull2",
    "pinb",
    "pins",
    "engulf",
    "m5",
    "m20",
    "m60",
    "roc",
    "demand",
    "supply",
    "sk",
    "sd"
  ]
}