{
  "mean": [
    0.5073725613407867,
    0.5067025924298572,
    0.5075328700683094,
    -3.8267511823132153e-05,
    -0.000108836469197723,
    -0.00026882168435578036,
    -0.0011202982198596748,
    0.2881650211200083,
    0.25001943559045325,
    0.00034906837276380736,
    0.49892456399492086,
    0.03863795382103708,
    0.038715696182850035,
    0.5092177895555127,
    0.0658277088191623,
    0.5210293088704034,
    0.20053795783582445,
    0.05478131543991526,
    0.4689160123351214,
    0.47665604619062524,
    0.49169452434631633,
    0.08416906372282257,
    0.07525460623493742,
    0.09976936432662158,
    -0.00018386844498680612,
    -0.000357502257757405,
    -0.0008703450249147412,
    -0.000368571661984529,
    0.17425261607906017,
    0.16375600684636618,
    0.5245710623152281,
    0.5246162247844879
  ],
  "scale": [
    0.17110588140064978,
    0.2323041649339083,
    0.1433093429496666,
    0.00334436186932927,
    0.005875898296287501,
    0.009265986717183858,
    0.018899653637186587,
    0.45290831491916045,
    0.4330239224540423,
    0.9099124130213706,
    0.4999988434360614,
    0.19273054336446127,
    0.19291653908342665,
    0.30484079562088867,
    0.07571056876655283,
    0.4995575724262752,
    0.04825770402374935,
    0.053275139459341314,
    0.4990328503323701,
    0.27544753793029003,
    0.4999310143151413,
    0.27764119369222934,
    0.26380172568685356,
    0.2996922392530101,
    0.060313992757746016,
    0.059530036090278515,
    0.06707494060041555,
    0.08438498272741818,
    0.19753418887970628,
    0.20094343249616503,
    0.2975257544237204,
    0.2763813310624399
  ],
  "n_features": 32,
  "sequence_len": 20,
  "version": "2.1-LSTM-32feat",
  "feature_names": [
    "rsi14",
    "rsi7",
    "rsi21",
    "e8d",
    "e21d",
    "e50d",
    "e200d",
    "ebull",
    "ebear",
    "mhist",
    "msig",
    "mcup",
    "mcdn",
    "bbpos",
    "bbwid",
    "bbsqz",
    "aratr",
    "apct",
    "aup",
    "brat",
    "bull2",
    "pinb",
    "pins",
    "engulf",
    "m5",
    "m20",
    "m60",
    "roc",
    "demand",
    "supply",
    "sk",
    "sd"
  ]
}