{
  "mean": [
    0.5097951526282732,
    0.5095396655182802,
    0.5098365741234849,
    4.298068638014662e-06,
    1.6115247974609953e-05,
    4.4167623042825684e-05,
    0.00020724597686460513,
    0.30250990752972257,
    0.23052814256481985,
    -0.000744863967235168,
    0.4978371797860492,
    0.038671743466210794,
    0.03872354754319165,
    0.513109745996951,
    0.06465679850461091,
    0.5230398632372367,
    0.20015484428573446,
    0.05323539918716143,
    0.46755769679073744,
    0.4781571736842476,
    0.4961017432071904,
    0.08345636801616287,
    0.07568575646903411,
    0.10195042349832932,
    0.0003937794593766987,
    0.0008639297707069367,
    0.0016467832867546532,
    0.0008185506425067894,
    0.17230486444106827,
    0.15866806664581778,
    0.5276827800968534,
    0.527709224834977
  ],
  "scale": [
    0.17178185173427526,
    0.23254055636743914,
    0.14352548985176503,
    0.0032485429502150747,
    0.00570994148788689,
    0.008909963116336702,
    0.017688203166367253,
    0.45934481969004637,
    0.4211708893672899,
    0.8962062843786633,
    0.49999532218684023,
    0.19281140973369387,
    0.19293531146180015,
    0.30515357576064256,
    0.07341284091096364,
    0.49946888261633426,
    0.047318907447520264,
    0.04994662035603995,
    0.4989463868618334,
    0.275549059896883,
    0.4999848033630396,
    0.27657079139654944,
    0.2644946554029858,
    0.302583103703496,
    0.05850267462556597,
    0.05820822888105007,
    0.06447214030538634,
    0.08255224360965405,
    0.19075015122318253,
    0.19137217322083583,
    0.29873229663084344,
    0.27759704637229476
  ],
  "n_features": 32,
  "sequence_len": 20,
  "version": "2.1-LSTM-32feat",
  "feature_names": [
    "rsi14",
    "rsi7",
    "rsi21",
    "e8d",
    "e21d",
    "e50d",
    "e200d",
    "ebull",
    "ebear",
    "mhist",
    "msig",
    "mcup",
    "mcdn",
    "bbpos",
    "bbwid",
    "bbsqz",
    "aratr",
    "apct",
    "aup",
    "brat",
    "bull2",
    "pinb",
    "pins",
    "engulf",
    "m5",
    "m20",
    "m60",
    "roc",
    "demand",
    "supply",
    "sk",
    "sd"
  ]
}