{
  "mean": [
    0.5072096797496102,
    0.5067602527562868,
    0.5072931442753348,
    -3.320502184499257e-05,
    -9.79810953261548e-05,
    -0.0002528770639547478,
    -0.001135097018765148,
    0.2895745893569615,
    0.2507642883050935,
    0.001315383601158573,
    0.49761645681123373,
    0.03862894450489663,
    0.0385771283486191,
    0.50882052239086,
    0.06564370714641188,
    0.5221514068086429,
    0.20032291132525804,
    0.05470408862281451,
    0.46665630343541115,
    0.47583332041629883,
    0.4917094149955956,
    0.08477123167003471,
    0.07492616197730452,
    0.09909839888077103,
    -0.00010348435694295128,
    -0.00026774104749518633,
    -0.0007363282060556387,
    -0.00022431319926053932,
    0.17394230526613996,
    0.1630617729142224,
    0.5242781011043278,
    0.5242422952381601
  ],
  "scale": [
    0.17060603995380333,
    0.23192848625684287,
    0.1431633852707886,
    0.0033416526725957275,
    0.005876283367255015,
    0.009276148092700824,
    0.018941805269918247,
    0.4535649309147574,
    0.4334530655283608,
    0.9086388156246392,
    0.49999431868958993,
    0.1927089752744647,
    0.19258487354149412,
    0.30435025505565544,
    0.07579934403656445,
    0.4995090741682257,
    0.048085845279501285,
    0.053351070383407896,
    0.49888695903922825,
    0.2754688573121446,
    0.4999312614752999,
    0.27854096637869985,
    0.263272163793773,
    0.2987940866550719,
    0.06025613491264719,
    0.059559407831488,
    0.06720982451606851,
    0.08429657089863432,
    0.19815404439587578,
    0.2006594576210386,
    0.29666809286416823,
    0.2755302713008728
  ],
  "n_features": 32,
  "sequence_len": 20,
  "version": "2.1-LSTM-32feat",
  "feature_names": [
    "rsi14",
    "rsi7",
    "rsi21",
    "e8d",
    "e21d",
    "e50d",
    "e200d",
    "ebull",
    "ebear",
    "mhist",
    "msig",
    "mcup",
    "mcdn",
    "bbpos",
    "bbwid",
    "bbsqz",
    "aratr",
    "apct",
    "aup",
    "brat",
    "bull2",
    "pinb",
    "pins",
    "engulf",
    "m5",
    "m20",
    "m60",
    "roc",
    "demand",
    "supply",
    "sk",
    "sd"
  ]
}