{
  "mean": [
    0.5082343417969135,
    0.507962724242756,
    0.5080429775814833,
    -2.3375806499148713e-05,
    -6.851345279090556e-05,
    -0.0001724055473992959,
    -0.0005967276985043104,
    0.2920844668998575,
    0.24845187200414562,
    0.0007709114870772962,
    0.49819924860733256,
    0.03855421686746988,
    0.03855421686746988,
    0.510360061517581,
    0.06518447935575898,
    0.520533747894805,
    0.2005605635715716,
    0.053862914944175416,
    0.47283326855810337,
    0.4775871666092948,
    0.4944681953620935,
    0.08358595673014639,
    0.07532063738826272,
    0.10094571835730017,
    2.1185086140306285e-05,
    2.792881414789286e-05,
    -0.0001098536647867065,
    3.687039937122899e-05,
    0.17257586191353005,
    0.1612281381781613,
    0.5266799685719843,
    0.5266672844670331
  ],
  "scale": [
    0.17180991442582938,
    0.23292067304232608,
    0.14386013365981629,
    0.0032995730563250563,
    0.00582366641327154,
    0.009192076863962907,
    0.018868684905633506,
    0.4547209376042449,
    0.43211519216729843,
    0.9042000119263087,
    0.49999675728390663,
    0.19252996969097042,
    0.19252996969097042,
    0.3052211638776663,
    0.07481971285630337,
    0.4995781872714146,
    0.04772968364478457,
    0.05179453756908967,
    0.4992614232070848,
    0.2755427366495656,
    0.4999693982009779,
    0.2767658659727613,
    0.2639080123294641,
    0.30125683444965823,
    0.05932586559123163,
    0.059240524031091334,
    0.06650136916107977,
    0.08360711946760672,
    0.19439380779406015,
    0.1964650340776065,
    0.29830234057043636,
    0.2771549302192142
  ],
  "n_features": 32,
  "sequence_len": 20,
  "version": "2.1-LSTM-32feat",
  "feature_names": [
    "rsi14",
    "rsi7",
    "rsi21",
    "e8d",
    "e21d",
    "e50d",
    "e200d",
    "ebull",
    "ebear",
    "mhist",
    "msig",
    "mcup",
    "mcdn",
    "bbpos",
    "bbwid",
    "bbsqz",
    "aratr",
    "apct",
    "aup",
    "brat",
    "bull2",
    "pinb",
    "pins",
    "engulf",
    "m5",
    "m20",
    "m60",
    "roc",
    "demand",
    "supply",
    "sk",
    "sd"
  ]
}