{
  "mean": [
    0.5074826896431708,
    0.5069764455579427,
    0.5074824483301805,
    -3.3249457898670674e-05,
    -9.77259311417504e-05,
    -0.00025146772996098354,
    -0.001064267319361959,
    0.28528466244944517,
    0.25417401223685576,
    0.0011008039590362261,
    0.5002333298765944,
    0.03904386601679975,
    0.03904386601679975,
    0.5095601910770285,
    0.0654855041339929,
    0.5214922741885305,
    0.20063200872727077,
    0.05529463125440452,
    0.46844861557606554,
    0.47562907736892457,
    0.49261122057451,
    0.08721352276262574,
    0.07495074147049674,
    0.10004666597531889,
    -6.886898406553059e-05,
    -0.00023453153248338189,
    -0.0006604109249915374,
    -0.0001752844748461971,
    0.17466750291838512,
    0.16196646087802474,
    0.5263468339544262,
    0.5263368450050472
  ],
  "scale": [
    0.17096190248005957,
    0.2319949300497015,
    0.14320542486331728,
    0.003409303682758012,
    0.006011247726509473,
    0.009510272543538246,
    0.019291130950292456,
    0.4515499128784672,
    0.4353958931136977,
    0.9228669290811412,
    0.49999994555716576,
    0.193699361236071,
    0.193699361236071,
    0.30483959756577345,
    0.07714868448910632,
    0.49953786858476007,
    0.04868078226463114,
    0.055937238760065185,
    0.4990035171628885,
    0.2759735171458569,
    0.49994540295776446,
    0.2821476992817037,
    0.2633118452016914,
    0.30006221122050986,
    0.06035258031141586,
    0.06057937197781139,
    0.06856463041292647,
    0.08488911847740095,
    0.1983717949415811,
    0.1983286490212713,
    0.2973973729434529,
    0.2762610596223401
  ],
  "n_features": 32,
  "sequence_len": 20,
  "version": "2.1-LSTM-32feat",
  "feature_names": [
    "rsi14",
    "rsi7",
    "rsi21",
    "e8d",
    "e21d",
    "e50d",
    "e200d",
    "ebull",
    "ebear",
    "mhist",
    "msig",
    "mcup",
    "mcdn",
    "bbpos",
    "bbwid",
    "bbsqz",
    "aratr",
    "apct",
    "aup",
    "brat",
    "bull2",
    "pinb",
    "pins",
    "engulf",
    "m5",
    "m20",
    "m60",
    "roc",
    "demand",
    "supply",
    "sk",
    "sd"
  ]
}