{
  "mean": [
    0.5076478532715808,
    0.5071386870341679,
    0.5076739508419021,
    -3.13319008393677e-05,
    -9.202405282626589e-05,
    -0.00023524543542582327,
    -0.0010065767685743417,
    0.28757439509317256,
    0.25261844738415157,
    0.001036612759385774,
    0.5002469007459002,
    0.038958338747823375,
    0.03893234919562336,
    0.5098570956118715,
    0.06558191091727401,
    0.521688281310913,
    0.20050650207107926,
    0.05538159816329499,
    0.4671102216908803,
    0.4755996807395013,
    0.49260597239909554,
    0.08714296852665229,
    0.074979858097045,
    0.10011175507446007,
    -4.152408577531616e-05,
    -0.0001696199040707153,
    -0.0004946567671567023,
    -0.0001198379458111549,
    0.17503308930913974,
    0.16204912284360537,
    0.5263928525238877,
    0.5263776005515404
  ],
  "scale": [
    0.17103688070096063,
    0.2320500758981223,
    0.1432525692624877,
    0.0034141808747147006,
    0.006020616350758467,
    0.00953099484279344,
    0.019350278047335138,
    0.45263159675388154,
    0.4345139438791029,
    0.923960284630842,
    0.499999939040018,
    0.1934957017347755,
    0.1934337648440246,
    0.3049175076269276,
    0.07723738654486095,
    0.4995293969865825,
    0.04867257326462802,
    0.056002685688547583,
    0.4989170897882502,
    0.27595185676623485,
    0.49994532536652153,
    0.28204444962277697,
    0.26335884070369076,
    0.30014894897429073,
    0.060439760849483604,
    0.06066539084323574,
    0.06878338859452442,
    0.08500013409129294,
    0.19865909215456728,
    0.198515293366647,
    0.2975228963522046,
    0.27639403663750095
  ],
  "n_features": 32,
  "sequence_len": 20,
  "version": "2.1-LSTM-32feat",
  "feature_names": [
    "rsi14",
    "rsi7",
    "rsi21",
    "e8d",
    "e21d",
    "e50d",
    "e200d",
    "ebull",
    "ebear",
    "mhist",
    "msig",
    "mcup",
    "mcdn",
    "bbpos",
    "bbwid",
    "bbsqz",
    "aratr",
    "apct",
    "aup",
    "brat",
    "bull2",
    "pinb",
    "pins",
    "engulf",
    "m5",
    "m20",
    "m60",
    "roc",
    "demand",
    "supply",
    "sk",
    "sd"
  ]
}