{
  "mean": [
    0.5109986546480898,
    0.5109327431788101,
    0.5108279418194466,
    2.133690108645683e-05,
    6.05107088609942e-05,
    0.00014495586747523978,
    0.000577984012999621,
    0.3084114569845134,
    0.22489252602682966,
    0.0004336107529080737,
    0.4972289843062102,
    0.03876832237012483,
    0.038820117055990054,
    0.5140468638382109,
    0.06543771043352692,
    0.5208732584036878,
    0.20043330961535819,
    0.055020062251108295,
    0.4691562645672554,
    0.4766232226984727,
    0.4970994975915471,
    0.08934583311752214,
    0.07448075827420107,
    0.10257937535608846,
    0.0006942162607159345,
    0.001330305012311738,
    0.002491865488410726,
    0.001364943938635364,
    0.17671449219814284,
    0.15881413696584334,
    0.5298843181223138,
    0.5299272327755228
  ],
  "scale": [
    0.17212714992603437,
    0.23342948492589397,
    0.1439253066835228,
    0.0033450694821336308,
    0.005879315924778904,
    0.009188417011157635,
    0.018129990424231218,
    0.46183744995961845,
    0.4175115300971955,
    0.9167557659664108,
    0.4999923214130641,
    0.1930423258011851,
    0.19316603109177682,
    0.30547765051843595,
    0.07495194473279372,
    0.4995641170897014,
    0.047985885051086724,
    0.053627454119813886,
    0.49904775721823946,
    0.2767152731788416,
    0.4999915870150002,
    0.2852422746053923,
    0.2625516614327571,
    0.30340871297252353,
    0.05918777497058068,
    0.05952597121494625,
    0.06617130134884947,
    0.08373182149327964,
    0.1939312748472614,
    0.18971491780936606,
    0.2994012669075681,
    0.2784803227078744
  ],
  "n_features": 32,
  "sequence_len": 20,
  "version": "2.1-LSTM-32feat",
  "feature_names": [
    "rsi14",
    "rsi7",
    "rsi21",
    "e8d",
    "e21d",
    "e50d",
    "e200d",
    "ebull",
    "ebear",
    "mhist",
    "msig",
    "mcup",
    "mcdn",
    "bbpos",
    "bbwid",
    "bbsqz",
    "aratr",
    "apct",
    "aup",
    "brat",
    "bull2",
    "pinb",
    "pins",
    "engulf",
    "m5",
    "m20",
    "m60",
    "roc",
    "demand",
    "supply",
    "sk",
    "sd"
  ]
}