{
  "mean": [
    0.5108952191329362,
    0.5106985599666205,
    0.5108720016311399,
    2.1100625420727758e-05,
    6.226703009693461e-05,
    0.00016189883784011673,
    0.0007053240083143004,
    0.31407932891466445,
    0.22193454846727423,
    -0.0006580706629961842,
    0.49691901408450706,
    0.03881006628003314,
    0.03886184755592378,
    0.5143722181585588,
    0.06493844748349996,
    0.5212044324772163,
    0.20038353155986577,
    0.05476695029048564,
    0.4681286246893123,
    0.4762333277028209,
    0.49704846727423363,
    0.08914146644573322,
    0.0749275062137531,
    0.10252692626346313,
    0.0006844370471005655,
    0.0013361926724521863,
    0.002689628472833184,
    0.00136357608079784,
    0.1756542453802133,
    0.15766420718679267,
    0.530410852119207,
    0.5304504249675982
  ],
  "scale": [
    0.17192492889265412,
    0.23307453907356007,
    0.14334224161204326,
    0.0033346585829515515,
    0.005859681426413265,
    0.0091485658536051,
    0.017999863670563564,
    0.46414814883092936,
    0.4155473555010323,
    0.9131517317898168,
    0.4999905074356798,
    0.193142033321006,
    0.1932656316070292,
    0.3053795621025128,
    0.0749150881619739,
    0.49955016969601684,
    0.047948037525651625,
    0.053683930028574425,
    0.4989831815159758,
    0.27656925618203626,
    0.49999128837867635,
    0.2849478292699164,
    0.26327433415800544,
    0.30334000008971707,
    0.05900244549631765,
    0.05926339140627233,
    0.06578231136919352,
    0.08346561768985473,
    0.19365961412628527,
    0.189323084007884,
    0.29949715019263995,
    0.2784512362862345
  ],
  "n_features": 32,
  "sequence_len": 20,
  "version": "2.1-LSTM-32feat",
  "feature_names": [
    "rsi14",
    "rsi7",
    "rsi21",
    "e8d",
    "e21d",
    "e50d",
    "e200d",
    "ebull",
    "ebear",
    "mhist",
    "msig",
    "mcup",
    "mcdn",
    "bbpos",
    "bbwid",
    "bbsqz",
    "aratr",
    "apct",
    "aup",
    "brat",
    "bull2",
    "pinb",
    "pins",
    "engulf",
    "m5",
    "m20",
    "m60",
    "roc",
    "demand",
    "supply",
    "sk",
    "sd"
  ]
}