{
  "mean": [
    0.5076034789279887,
    0.5071142741896472,
    0.5076395036216027,
    -2.9577741962994267e-05,
    -8.669957149861668e-05,
    -0.0002196443156583609,
    -0.000970868312966878,
    0.28813866721940096,
    0.2518395688672401,
    0.00044729835985120564,
    0.4998445434760079,
    0.03865685563270805,
    0.0386309462120427,
    0.5099275360312803,
    0.06576610325617703,
    0.5207275365322831,
    0.20042171783225335,
    0.05463654356782726,
    0.4683645973676029,
    0.47710739204068164,
    0.49227899264172453,
    0.08366151932842782,
    0.0753445952948492,
    0.10003627318893149,
    -4.674353751049009e-05,
    -0.0001495577568148143,
    -0.00039639637903984983,
    -0.0001454290685520479,
    0.17417481959515949,
    0.16317700734861215,
    0.5251640559029863,
    0.5251051846880922
  ],
  "scale": [
    0.17117546511588447,
    0.23227219870784224,
    0.14333498795198685,
    0.003346092533916044,
    0.00589067594991778,
    0.009318150624922448,
    0.019078320017040712,
    0.45289598769742734,
    0.43406958015968217,
    0.9100678078021384,
    0.4999999758332685,
    0.1927757846444932,
    0.19271376755905367,
    0.3050121363751239,
    0.07581769959085835,
    0.49957018448792845,
    0.04830130353716338,
    0.0531158379535035,
    0.4989981976924226,
    0.275370868884279,
    0.4999403824911261,
    0.27687952165533464,
    0.26394656136177375,
    0.300048358161482,
    0.06031474666288206,
    0.05970997918745498,
    0.06769898254289985,
    0.08444338413589306,
    0.1976142626101295,
    0.20029822762845104,
    0.29766963818075176,
    0.2765139191827337
  ],
  "n_features": 32,
  "sequence_len": 20,
  "version": "2.1-LSTM-32feat",
  "feature_names": [
    "rsi14",
    "rsi7",
    "rsi21",
    "e8d",
    "e21d",
    "e50d",
    "e200d",
    "ebull",
    "ebear",
    "mhist",
    "msig",
    "mcup",
    "mcdn",
    "bbpos",
    "bbwid",
    "bbsqz",
    "aratr",
    "apct",
    "aup",
    "brat",
    "bull2",
    "pinb",
    "pins",
    "engulf",
    "m5",
    "m20",
    "m60",
    "roc",
    "demand",
    "supply",
    "sk",
    "sd"
  ]
}