{
  "mean": [
    0.5080543449427216,
    0.5076014655459531,
    0.5080711040477424,
    -2.3498442001421562e-05,
    -6.471361573988237e-05,
    -0.00014463777308529002,
    -0.0005182747134888011,
    0.29537034638203064,
    0.24466955102463794,
    -0.0013010864200768467,
    0.4963081945128112,
    0.03862794372911215,
    0.038602036322184514,
    0.5101761852619511,
    0.06520705709582339,
    0.5222674162543071,
    0.20041287766233448,
    0.05388686732924167,
    0.4702194357366771,
    0.47784054560660677,
    0.493587916785409,
    0.08357729474856862,
    0.07564962822871059,
    0.09997668333376512,
    1.6798049950691414e-05,
    5.9544043810867096e-05,
    0.0002666304569384655,
    3.647275180536823e-05,
    0.17273552751308582,
    0.16122328286633916,
    0.5261735332649702,
    0.5261676640718762
  ],
  "scale": [
    0.1709703036592189,
    0.23223416907232683,
    0.14336825537369252,
    0.0033079953021924093,
    0.005841578684114776,
    0.009235956819221453,
    0.018880143786492498,
    0.45620905828379815,
    0.42989110461376157,
    0.9039036015056884,
    0.4999863703864785,
    0.192706579265921,
    0.19264454083613491,
    0.30477175403949913,
    0.07507494688877696,
    0.49950391607409583,
    0.04798288884947776,
    0.05202449889741679,
    0.49911233003418987,
    0.2755476226736917,
    0.49995888349828255,
    0.27675283295944686,
    0.26443668803244463,
    0.29996890859444947,
    0.05952872110183973,
    0.059381955948018296,
    0.06705469734873755,
    0.08373518677767328,
    0.19524540921421424,
    0.19699199569859394,
    0.2977010993931374,
    0.27652759081239536
  ],
  "n_features": 32,
  "sequence_len": 20,
  "version": "2.1-LSTM-32feat",
  "feature_names": [
    "rsi14",
    "rsi7",
    "rsi21",
    "e8d",
    "e21d",
    "e50d",
    "e200d",
    "ebull",
    "ebear",
    "mhist",
    "msig",
    "mcup",
    "mcdn",
    "bbpos",
    "bbwid",
    "bbsqz",
    "aratr",
    "apct",
    "aup",
    "brat",
    "bull2",
    "pinb",
    "pins",
    "engulf",
    "m5",
    "m20",
    "m60",
    "roc",
    "demand",
    "supply",
    "sk",
    "sd"
  ]
}