{
  "mean": [
    0.5083287530250322,
    0.5078558813911616,
    0.5083277961001383,
    -2.3028979472816375e-05,
    -6.110070592261887e-05,
    -0.0001330982863378656,
    -0.0004900213264580671,
    0.29575239575239576,
    0.24333074333074334,
    -0.001676296598506876,
    0.49608909608909607,
    0.038616938616938615,
    0.03864283864283864,
    0.510410077706203,
    0.06530776736100982,
    0.5207459207459207,
    0.20055733566290374,
    0.05390944436572129,
    0.47166537166537165,
    0.47758264080399615,
    0.49393939393939396,
    0.08357938357938358,
    0.07562807562807562,
    0.10020720020720021,
    2.2041100109634735e-05,
    0.00010986060283254744,
    0.00039177968612719204,
    5.033951004196785e-05,
    0.17299357742163796,
    0.16120857880072703,
    0.5263974418196331,
    0.5264541779465174
  ],
  "scale": [
    0.17152535119418102,
    0.23274430024766304,
    0.14373855080380374,
    0.003310262782193981,
    0.005844899200167037,
    0.009234999153306061,
    0.01887801035401158,
    0.45638023199861977,
    0.4290931049094721,
    0.9042713590410881,
    0.4999847045966503,
    0.1926802290552775,
    0.19274223632733475,
    0.30498220275651766,
    0.07503918851316545,
    0.4995694213744512,
    0.04801548436291328,
    0.052004261017209605,
    0.4991965032300793,
    0.2755130969030052,
    0.4999632677049168,
    0.2767559759424787,
    0.26440209871494913,
    0.3002760683668186,
    0.05956015066978465,
    0.05940394448020033,
    0.06696964504309848,
    0.08380106574065202,
    0.19527067011557092,
    0.1969554930903596,
    0.29796690641867873,
    0.27684686556763555
  ],
  "n_features": 32,
  "sequence_len": 20,
  "version": "2.1-LSTM-32feat",
  "feature_names": [
    "rsi14",
    "rsi7",
    "rsi21",
    "e8d",
    "e21d",
    "e50d",
    "e200d",
    "ebull",
    "ebear",
    "mhist",
    "msig",
    "mcup",
    "mcdn",
    "bbpos",
    "bbwid",
    "bbsqz",
    "aratr",
    "apct",
    "aup",
    "brat",
    "bull2",
    "pinb",
    "pins",
    "engulf",
    "m5",
    "m20",
    "m60",
    "roc",
    "demand",
    "supply",
    "sk",
    "sd"
  ]
}