{
  "mean": [
    0.507116541436825,
    0.506784988820832,
    0.5071880703781273,
    -3.3641176566076e-05,
    -9.205994575266181e-05,
    -0.0002030273687081811,
    -0.0006620823109234805,
    0.29176525650692947,
    0.24849840089445904,
    -0.0022889437822291455,
    0.4966847811955589,
    0.03892456902155542,
    0.03882056215710237,
    0.5084705035329654,
    0.06482597393215216,
    0.5216724303804051,
    0.2005470603718837,
    0.053603921700357084,
    0.470839075378975,
    0.47727600578788965,
    0.4935125718297408,
    0.08403754647806755,
    0.07566499388959672,
    0.10028861904885722,
    -8.556868107011811e-05,
    -0.0002125964799932806,
    -0.00014992977261533028,
    -0.0001995330697100298,
    0.17112320999518243,
    0.16029542269961894,
    0.5247071823934878,
    0.5247189575506944
  ],
  "scale": [
    0.1709922765963476,
    0.2321914686197493,
    0.14340435784380934,
    0.0033773033762933558,
    0.005936876450343123,
    0.009360387753065578,
    0.019074846746657423,
    0.4545748470850264,
    0.4321422747745883,
    0.9169029168447008,
    0.4999890092034811,
    0.19341521901867387,
    0.1931670937579921,
    0.3047420154607045,
    0.07637714109909942,
    0.499530084941244,
    0.048241295370937284,
    0.052150943869750714,
    0.49914891613149565,
    0.27579414340702507,
    0.4999579115042942,
    0.2774441155620609,
    0.2644613442249812,
    0.30038444023972083,
    0.05972780145053358,
    0.05995291197654482,
    0.06733649471658047,
    0.08408430381368932,
    0.193509661953533,
    0.19521331188952565,
    0.29772296192185194,
    0.27652900206035186
  ],
  "n_features": 32,
  "sequence_len": 20,
  "version": "2.1-LSTM-32feat",
  "feature_names": [
    "rsi14",
    "rsi7",
    "rsi21",
    "e8d",
    "e21d",
    "e50d",
    "e200d",
    "ebull",
    "ebear",
    "mhist",
    "msig",
    "mcup",
    "mcdn",
    "bbpos",
    "bbwid",
    "bbsqz",
    "aratr",
    "apct",
    "aup",
    "brat",
    "bull2",
    "pinb",
    "pins",
    "engulf",
    "m5",
    "m20",
    "m60",
    "roc",
    "demand",
    "supply",
    "sk",
    "sd"
  ]
}