{
  "mean": [
    0.509874502772073,
    0.5098428428207518,
    0.50983605869038,
    9.345345391391158e-06,
    3.1036482926394463e-05,
    0.00010199404099238521,
    0.000585721717479415,
    0.3115443524311415,
    0.2239038446561616,
    -0.0024442403136566895,
    0.49645647828457207,
    0.038861919472495524,
    0.03878403987435425,
    0.5129058725814865,
    0.0649743828380244,
    0.5217413878144389,
    0.20043958685710472,
    0.054780638916017296,
    0.4692245788011734,
    0.47603752096639346,
    0.49645647828457207,
    0.08930193920199372,
    0.07484229381376392,
    0.10238571168972768,
    0.0005204288974911334,
    0.0010025690145057102,
    0.002288424361821004,
    0.001015112057407966,
    0.17511439254681613,
    0.15819620526588093,
    0.5291252121499772,
    0.5291486542003104
  ],
  "scale": [
    0.17216398342137781,
    0.23311385118808609,
    0.14391748144515695,
    0.0033347201943677144,
    0.005867513094794581,
    0.009168684139085285,
    0.018001661009409812,
    0.46312467964836657,
    0.41685838483152887,
    0.9134409519703276,
    0.4999874432961815,
    0.19326580320224476,
    0.1930798749879923,
    0.3055546667080263,
    0.07495833850143117,
    0.4995270884105307,
    0.04796483894130102,
    0.05370923227680095,
    0.49905197469806173,
    0.27648763594452075,
    0.4999874432961815,
    0.28517907156163674,
    0.26313670376908305,
    0.30315487416750475,
    0.05895843431592946,
    0.05937696458597027,
    0.06592594088158041,
    0.08347114101775494,
    0.19335646793707847,
    0.18952083595121408,
    0.2996203979298722,
    0.27860460168094653
  ],
  "n_features": 32,
  "sequence_len": 20,
  "version": "2.1-LSTM-32feat",
  "feature_names": [
    "rsi14",
    "rsi7",
    "rsi21",
    "e8d",
    "e21d",
    "e50d",
    "e200d",
    "ebull",
    "ebear",
    "mhist",
    "msig",
    "mcup",
    "mcdn",
    "bbpos",
    "bbwid",
    "bbsqz",
    "aratr",
    "apct",
    "aup",
    "brat",
    "bull2",
    "pinb",
    "pins",
    "engulf",
    "m5",
    "m20",
    "m60",
    "roc",
    "demand",
    "supply",
    "sk",
    "sd"
  ]
}