{
  "mean": [
    0.5069418795904914,
    0.5067066694503838,
    0.5068240307221652,
    -3.932492070447551e-05,
    -0.00011214299179256593,
    -0.0002723373883443315,
    -0.0009703108625785996,
    0.28763252715348525,
    0.25349301397205587,
    -4.8937678862028504e-05,
    0.5000388832724162,
    0.039064727687482176,
    0.039038805505871375,
    0.5083655658972029,
    0.06524785552066904,
    0.5224097260025403,
    0.2004563811336019,
    0.055055223374908036,
    0.4684656660704565,
    0.47564373380953884,
    0.4928065946030018,
    0.08715037457552427,
    0.07517432667133266,
    0.09990408792804002,
    -0.00016325876134166558,
    -0.0003751509932869084,
    -0.0007762204811191208,
    -0.00035453912591455386,
    0.17360888498573412,
    0.1615819313715006,
    0.5260422146153043,
    0.5260080909322404
  ],
  "scale": [
    0.1709255599555999,
    0.23180615954315262,
    0.14327717607250945,
    0.003398273588543616,
    0.005993886976743575,
    0.009484332837941025,
    0.01926992281573558,
    0.4526588742936394,
    0.4350106962356431,
    0.9209543477057084,
    0.49999999848809107,
    0.19374899932176431,
    0.19368731804262798,
    0.30486605091108543,
    0.07695800650181511,
    0.4994975517262233,
    0.04858383476297094,
    0.05571776707706281,
    0.4990045949524113,
    0.27614440320122086,
    0.49994825224096395,
    0.2820552903011573,
    0.26367242419495523,
    0.2998720746306773,
    0.060129905678526475,
    0.06044796925928729,
    0.06843220274326389,
    0.08461117571869735,
    0.1971379334914426,
    0.19776779328898447,
    0.2977110666900332,
    0.2765812854832541
  ],
  "n_features": 32,
  "sequence_len": 20,
  "version": "2.1-LSTM-32feat",
  "feature_names": [
    "rsi14",
    "rsi7",
    "rsi21",
    "e8d",
    "e21d",
    "e50d",
    "e200d",
    "ebull",
    "ebear",
    "mhist",
    "msig",
    "mcup",
    "mcdn",
    "bbpos",
    "bbwid",
    "bbsqz",
    "aratr",
    "apct",
    "aup",
    "brat",
    "bull2",
    "pinb",
    "pins",
    "engulf",
    "m5",
    "m20",
    "m60",
    "roc",
    "demand",
    "supply",
    "sk",
    "sd"
  ]
}