{
  "mean": [
    0.5099314733118095,
    0.5098795664991941,
    0.509806810589043,
    4.335811367024224e-06,
    1.3013301878912803e-05,
    3.7660186774108266e-05,
    0.00021152927744500015,
    0.3042802362939165,
    0.23142294538294123,
    -0.00038438690574251237,
    0.497875427505441,
    0.03901958752202301,
    0.03901958752202301,
    0.5129976266549229,
    0.06431436716508054,
    0.5232407503368225,
    0.200214689255203,
    0.05437510063530394,
    0.46678412270701625,
    0.47573173599744323,
    0.49621722458285833,
    0.0892320447714789,
    0.07505959166753032,
    0.10216084568349051,
    0.0004448767495472007,
    0.0008361192155874557,
    0.0016749182655040936,
    0.000867576456967076,
    0.1734913636000954,
    0.15727345360130782,
    0.5297224959879292,
    0.5297241628286821
  ],
  "scale": [
    0.17155738248073077,
    0.23240378795373315,
    0.1433982474844957,
    0.00331744135739234,
    0.005838153513784547,
    0.009124737483112377,
    0.01797216343703183,
    0.4601019170736358,
    0.42174206066412845,
    0.9089654276134116,
    0.4999954861713407,
    0.19364157433679932,
    0.19364157433679935,
    0.3052950703000346,
    0.07479634755279162,
    0.49945957546510356,
    0.047845477734539635,
    0.05353599826581725,
    0.49889548554347285,
    0.27645451550834826,
    0.499985690405379,
    0.2850783873908713,
    0.2634874747805556,
    0.30285971553299157,
    0.058647532817202065,
    0.059073692617231534,
    0.06557514442676805,
    0.08301311637994759,
    0.19222667258125353,
    0.18937444464882444,
    0.298528899396747,
    0.2774210745124444
  ],
  "n_features": 32,
  "sequence_len": 20,
  "version": "2.1-LSTM-32feat",
  "feature_names": [
    "rsi14",
    "rsi7",
    "rsi21",
    "e8d",
    "e21d",
    "e50d",
    "e200d",
    "ebull",
    "ebear",
    "mhist",
    "msig",
    "mcup",
    "mcdn",
    "bbpos",
    "bbwid",
    "bbsqz",
    "aratr",
    "apct",
    "aup",
    "brat",
    "bull2",
    "pinb",
    "pins",
    "engulf",
    "m5",
    "m20",
    "m60",
    "roc",
    "demand",
    "supply",
    "sk",
    "sd"
  ]
}