{
  "mean": [
    0.508684973835905,
    0.5083055506057051,
    0.5085208809131165,
    -1.9776490270719633e-05,
    -6.273059395270911e-05,
    -0.00016488273424713739,
    -0.000620494277763782,
    0.29218620116375726,
    0.2472464671654198,
    0.0013757290289907094,
    0.49799979218620116,
    0.03883520365752286,
    0.03880922693266833,
    0.5108572727124231,
    0.0649620600742191,
    0.5213009143807149,
    0.20045582992053268,
    0.05461815391203699,
    0.4701527431421446,
    0.4759985421720996,
    0.4946747714048213,
    0.08663237738985868,
    0.07502078137988362,
    0.10112738985868662,
    0.000119961638441153,
    9.737060640893297e-05,
    -1.1032674777753019e-05,
    0.00016260929193216052,
    0.173511592633447,
    0.1599017154705028,
    0.5283200731053803,
    0.5282569725870995
  ],
  "scale": [
    0.17164370079232555,
    0.2326586095565444,
    0.14369408572248552,
    0.0033729799262192154,
    0.005957162432491291,
    0.00941179222631124,
    0.019131339371714674,
    0.4547674405817216,
    0.43141123263035097,
    0.9180111651229043,
    0.49999599915269477,
    0.1932020460926891,
    0.19314002909173694,
    0.3052439813118823,
    0.0762665793209971,
    0.49954606498955173,
    0.04821339513581202,
    0.05481296318616439,
    0.4991083462115828,
    0.276138704919477,
    0.499971641136184,
    0.2812955893320046,
    0.26342487304929146,
    0.30149733146257834,
    0.05956959068887777,
    0.060173404403091726,
    0.06769882840420754,
    0.08417458757347705,
    0.19551612958025022,
    0.1947365107251538,
    0.2981437583689384,
    0.277008259462913
  ],
  "n_features": 32,
  "sequence_len": 20,
  "version": "2.1-LSTM-32feat",
  "feature_names": [
    "rsi14",
    "rsi7",
    "rsi21",
    "e8d",
    "e21d",
    "e50d",
    "e200d",
    "ebull",
    "ebear",
    "mhist",
    "msig",
    "mcup",
    "mcdn",
    "bbpos",
    "bbwid",
    "bbsqz",
    "aratr",
    "apct",
    "aup",
    "brat",
    "bull2",
    "pinb",
    "pins",
    "engulf",
    "m5",
    "m20",
    "m60",
    "roc",
    "demand",
    "supply",
    "sk",
    "sd"
  ]
}