{
  "mean": [
    0.508711430606379,
    0.508438393146796,
    0.5086179224174388,
    -2.0077259488447915e-05,
    -5.049254984340832e-05,
    -9.851565015510022e-05,
    -0.00012807892510566024,
    0.2979389984982652,
    0.24045880586194396,
    -0.0022036821327598892,
    0.49699653047485887,
    0.038579048210864275,
    0.038579048210864275,
    0.5107802322878362,
    0.06479644171167917,
    0.5198850396147273,
    0.2005122444711249,
    0.053454378124723916,
    0.4722179068924447,
    0.47813665197155575,
    0.494562684480348,
    0.0835275231733209,
    0.07516441406452282,
    0.10160012428149759,
    4.3340218391752635e-05,
    0.00020160109307819417,
    0.000599692809157507,
    0.00014020775037989328,
    0.17168508011646455,
    0.15991358229785124,
    0.5267283467066232,
    0.5267740159859153
  ],
  "scale": [
    0.17181694449974666,
    0.2329626036986577,
    0.14359633539756056,
    0.00328307345080045,
    0.0057916586176799695,
    0.009130222639076624,
    0.018426851185736958,
    0.4573525463710855,
    0.42736210471378006,
    0.8987004535818405,
    0.49999097908943474,
    0.19258947336240392,
    0.19258947336240392,
    0.3055449665361689,
    0.07428082188534291,
    0.49960442872288546,
    0.04755198637271701,
    0.05097474728047911,
    0.4992275586369037,
    0.2757101146265516,
    0.4999704347258343,
    0.27667792836771654,
    0.2636564524582317,
    0.3021217288238002,
    0.058968227540373716,
    0.058846500020781047,
    0.06607107197181082,
    0.08316763272561896,
    0.1919238997821722,
    0.19436018539728686,
    0.29884348658020715,
    0.2776532025975279
  ],
  "n_features": 32,
  "sequence_len": 20,
  "version": "2.1-LSTM-32feat",
  "feature_names": [
    "rsi14",
    "rsi7",
    "rsi21",
    "e8d",
    "e21d",
    "e50d",
    "e200d",
    "ebull",
    "ebear",
    "mhist",
    "msig",
    "mcup",
    "mcdn",
    "bbpos",
    "bbwid",
    "bbsqz",
    "aratr",
    "apct",
    "aup",
    "brat",
    "bull2",
    "pinb",
    "pins",
    "engulf",
    "m5",
    "m20",
    "m60",
    "roc",
    "demand",
    "supply",
    "sk",
    "sd"
  ]
}