{
  "mean": [
    0.510445144618961,
    0.510541766890108,
    0.5103043183276228,
    2.262914585908374e-05,
    6.346074616691533e-05,
    0.00015812666314564478,
    0.0006971248739485755,
    0.30969432767657895,
    0.22476516684830558,
    -9.803158645172317e-05,
    0.49618558306087496,
    0.038689086096839485,
    0.038663137682287615,
    0.513371465983506,
    0.06585825211561831,
    0.5207587316414967,
    0.20035951538770255,
    0.053881925666584674,
    0.471664331309357,
    0.47960314128372433,
    0.4968861902537755,
    0.08298302973688308,
    0.07535419585863304,
    0.10249623747988998,
    0.0006789010331749586,
    0.001313734414513365,
    0.002605777670367483,
    0.0013446588290965357,
    0.17552181687075338,
    0.1606261385707297,
    0.5273654093622313,
    0.5273624377867464
  ],
  "scale": [
    0.17194873131590252,
    0.23337673316902416,
    0.14377865501870976,
    0.0032843112847231477,
    0.005771926291470027,
    0.009018842471462722,
    0.017890159461690477,
    0.46236754977131633,
    0.4174275824858234,
    0.9047134053897072,
    0.4999854500117124,
    0.1928528991584799,
    0.19279081790077057,
    0.3055050253939107,
    0.07375343467752907,
    0.499568889204118,
    0.04715939153438787,
    0.04994009095774284,
    0.49919644417789494,
    0.27580578798997263,
    0.4999903040948537,
    0.27585656873196013,
    0.26396200678342296,
    0.303299783683332,
    0.059175942716420606,
    0.0588540818402447,
    0.0655157315311269,
    0.08344861863413254,
    0.1934193648448659,
    0.19186741751003447,
    0.29967619782056265,
    0.27863229541003703
  ],
  "n_features": 32,
  "sequence_len": 20,
  "version": "2.1-LSTM-32feat",
  "feature_names": [
    "rsi14",
    "rsi7",
    "rsi21",
    "e8d",
    "e21d",
    "e50d",
    "e200d",
    "ebull",
    "ebear",
    "mhist",
    "msig",
    "mcup",
    "mcdn",
    "bbpos",
    "bbwid",
    "bbsqz",
    "aratr",
    "apct",
    "aup",
    "brat",
    "bull2",
    "pinb",
    "pins",
    "engulf",
    "m5",
    "m20",
    "m60",
    "roc",
    "demand",
    "supply",
    "sk",
    "sd"
  ]
}