{
  "mean": [
    0.5096563887607034,
    0.5095111734385233,
    0.5096524912836655,
    -1.7402755939204014e-06,
    -1.7439213031251155e-06,
    7.97071639759083e-06,
    0.00014279835051440846,
    0.30339145529445294,
    0.23268647822369615,
    -0.0013276148062873906,
    0.4975775319325336,
    0.038914941575770134,
    0.038966759074539475,
    0.5123148643125386,
    0.06432858038227293,
    0.5208954063787341,
    0.20032024026678288,
    0.05415569309219092,
    0.4685338238723217,
    0.47615528500378895,
    0.49591937197191494,
    0.08796020416094515,
    0.07477265072414954,
    0.10200274632743478,
    0.0003556846746562036,
    0.0006914986132658881,
    0.001444056472735135,
    0.0006916130189309427,
    0.1729865108303846,
    0.1575658869824367,
    0.5292654858154434,
    0.5292663219632555
  ],
  "scale": [
    0.1715311288946025,
    0.23249576794450605,
    0.1433913885669635,
    0.0033214217543882972,
    0.0058483279509534076,
    0.009138680575260566,
    0.01799890177519781,
    0.45972282970151357,
    0.42254405814725343,
    0.9102518760875329,
    0.4999941316140241,
    0.1933922669031121,
    0.1935157636001942,
    0.3052211861804201,
    0.07496062871168958,
    0.4995631911903313,
    0.04801901077815704,
    0.05335314883547917,
    0.4990088974756883,
    0.2762102972020995,
    0.4999833481976139,
    0.2832370149625751,
    0.26302414609277586,
    0.3026519222953916,
    0.05870738357490746,
    0.05917347736410393,
    0.06560534368938976,
    0.08313655453212275,
    0.19214397338492206,
    0.19005330406295143,
    0.2983180167891541,
    0.27729655142629916
  ],
  "n_features": 32,
  "sequence_len": 20,
  "version": "2.1-LSTM-32feat",
  "feature_names": [
    "rsi14",
    "rsi7",
    "rsi21",
    "e8d",
    "e21d",
    "e50d",
    "e200d",
    "ebull",
    "ebear",
    "mhist",
    "msig",
    "mcup",
    "mcdn",
    "bbpos",
    "bbwid",
    "bbsqz",
    "aratr",
    "apct",
    "aup",
    "brat",
    "bull2",
    "pinb",
    "pins",
    "engulf",
    "m5",
    "m20",
    "m60",
    "roc",
    "demand",
    "supply",
    "sk",
    "sd"
  ]
}