{
  "mean": [
    0.5070909138773738,
    0.5065479744324448,
    0.5072608252615123,
    -4.264911711480061e-05,
    -0.0001160225350193753,
    -0.0002610260182725569,
    -0.000999409658771473,
    0.28831303446488726,
    0.25040165846074114,
    -0.0026365253871888446,
    0.49766778958279345,
    0.03892200051826898,
    0.03889608706918891,
    0.50837496358973,
    0.06554957656020259,
    0.5215859030837005,
    0.20052764835473258,
    0.05544329441790316,
    0.46802280383519046,
    0.4750260302107524,
    0.49209639803057786,
    0.08743197719616481,
    0.07509717543405027,
    0.09984451930551956,
    -0.00020732123646762446,
    -0.0004255395223143677,
    -0.0005312338746820143,
    -0.0004461661748659359,
    0.17465632527841274,
    0.1625910379394613,
    0.5253226674515441,
    0.5253167046907193
  ],
  "scale": [
    0.17107769755386915,
    0.23219414266676122,
    0.14327249997104755,
    0.003410248449004902,
    0.0060002855226677565,
    0.009489623680726188,
    0.01927970596624952,
    0.4529775144778558,
    0.433244351262485,
    0.923447556755041,
    0.49999456076498466,
    0.19340909594412786,
    0.19334730791995786,
    0.3049773765057561,
    0.07707003317849578,
    0.4995338314749674,
    0.04872826868764441,
    0.05610630213230729,
    0.49897641119138825,
    0.2759646726728144,
    0.4999375291733048,
    0.2824670362356183,
    0.2635480784902021,
    0.2997925804121398,
    0.060434563966269526,
    0.060402332133679994,
    0.06858472433679552,
    0.08485105914143873,
    0.19860964618328403,
    0.19901933888614304,
    0.2977308791227485,
    0.27662291026979513
  ],
  "n_features": 32,
  "sequence_len": 20,
  "version": "2.1-LSTM-32feat",
  "feature_names": [
    "rsi14",
    "rsi7",
    "rsi21",
    "e8d",
    "e21d",
    "e50d",
    "e200d",
    "ebull",
    "ebear",
    "mhist",
    "msig",
    "mcup",
    "mcdn",
    "bbpos",
    "bbwid",
    "bbsqz",
    "aratr",
    "apct",
    "aup",
    "brat",
    "bull2",
    "pinb",
    "pins",
    "engulf",
    "m5",
    "m20",
    "m60",
    "roc",
    "demand",
    "supply",
    "sk",
    "sd"
  ]
}