{
  "mean": [
    0.5073065932272933,
    0.5066798605781863,
    0.5074826060006044,
    -3.3061851557374305e-05,
    -9.24801598603123e-05,
    -0.00022305740493101206,
    -0.0009605655784780068,
    0.28900805678609365,
    0.25139245097277274,
    -0.0007001166201788532,
    0.4980959042511852,
    0.038625942333100176,
    0.038625942333100176,
    0.509060585621604,
    0.06580189052744934,
    0.5213595502707183,
    0.2004768229420578,
    0.054675014826136924,
    0.46918473614673195,
    0.47697456940111116,
    0.49180073055102197,
    0.08390974327089971,
    0.07530892982047097,
    0.09984197300588067,
    -0.00010779163670452241,
    -0.0002129235203815514,
    -0.00037235951213674925,
    -0.00021806241124583173,
    0.17429756287983106,
    0.16336422767954265,
    0.5245368014737587,
    0.5245374236594234
  ],
  "scale": [
    0.17117035814336587,
    0.23235412005557002,
    0.14332719615218745,
    0.0033467005946485376,
    0.0058891941416192,
    0.009315402092161503,
    0.019089423149869698,
    0.4533016654489808,
    0.4338136541957558,
    0.9102941236266884,
    0.4999963744062344,
    0.1927017875163077,
    0.1927017875163077,
    0.30495247255021773,
    0.07586351442640848,
    0.4995435612759238,
    0.048268471000702015,
    0.053173683631485606,
    0.4990495160939979,
    0.2753739369000699,
    0.4999327674602887,
    0.2772524089257141,
    0.263889171641745,
    0.2997891816463257,
    0.06032546236541966,
    0.05967549638962209,
    0.06769603606801332,
    0.08450276465358415,
    0.19811515215856468,
    0.20039901680494945,
    0.29770232639357275,
    0.27655205672104827
  ],
  "n_features": 32,
  "sequence_len": 20,
  "version": "2.1-LSTM-32feat",
  "feature_names": [
    "rsi14",
    "rsi7",
    "rsi21",
    "e8d",
    "e21d",
    "e50d",
    "e200d",
    "ebull",
    "ebear",
    "mhist",
    "msig",
    "mcup",
    "mcdn",
    "bbpos",
    "bbwid",
    "bbsqz",
    "aratr",
    "apct",
    "aup",
    "brat",
    "bull2",
    "pinb",
    "pins",
    "engulf",
    "m5",
    "m20",
    "m60",
    "roc",
    "demand",
    "supply",
    "sk",
    "sd"
  ]
}