{
  "mean": [
    0.5111544415475666,
    0.5112533953560374,
    0.5109879427165378,
    2.256757817954189e-05,
    6.442679123489681e-05,
    0.0001558620883673457,
    0.0005844156283629832,
    0.3117058594257503,
    0.22242432116408992,
    0.00013418099391718807,
    0.49764843445498247,
    0.038638430557360014,
    0.038638430557360014,
    0.5145170099343158,
    0.06521747256997608,
    0.5204885020137716,
    0.20028831167106634,
    0.05335738997938337,
    0.4693516954657659,
    0.4790219253555255,
    0.49754449785630767,
    0.08307132649084059,
    0.07532804988956736,
    0.10279329608938548,
    0.0007141456641738551,
    0.0013517394335425801,
    0.0025743903741629864,
    0.001401043269557206,
    0.1739667213596858,
    0.15835278567334243,
    0.5283222870314923,
    0.52830511934759
  ],
  "scale": [
    0.17214818751483726,
    0.23352381659741314,
    0.14378061746707357,
    0.0033453071590794315,
    0.0058462296247225485,
    0.009093433739523154,
    0.01795855127685783,
    0.46319036758702653,
    0.41587467164854325,
    0.9161331720264243,
    0.4999944701089078,
    0.19273168458098447,
    0.19273168458098447,
    0.30545878228987844,
    0.07494283648575102,
    0.499580044922965,
    0.04753699879176435,
    0.04993702618401055,
    0.4990597974483387,
    0.27586915835219006,
    0.4999939704728671,
    0.2759900020035015,
    0.26391994011328934,
    0.3036887129421595,
    0.059216543203477995,
    0.05914121971873646,
    0.06524184335093389,
    0.0836227536062775,
    0.19140946740016634,
    0.1893051967946617,
    0.29961466449889923,
    0.2785294803306542
  ],
  "n_features": 32,
  "sequence_len": 20,
  "version": "2.1-LSTM-32feat",
  "feature_names": [
    "rsi14",
    "rsi7",
    "rsi21",
    "e8d",
    "e21d",
    "e50d",
    "e200d",
    "ebull",
    "ebear",
    "mhist",
    "msig",
    "mcup",
    "mcdn",
    "bbpos",
    "bbwid",
    "bbsqz",
    "aratr",
    "apct",
    "aup",
    "brat",
    "bull2",
    "pinb",
    "pins",
    "engulf",
    "m5",
    "m20",
    "m60",
    "roc",
    "demand",
    "supply",
    "sk",
    "sd"
  ]
}