{
  "mean": [
    0.5110595375783561,
    0.5111175870899123,
    0.5109934677316725,
    2.252683977868493e-05,
    6.525659337889021e-05,
    0.00016563324234576603,
    0.0006442767843974969,
    0.3121812297734628,
    0.22275728155339805,
    -0.0007798402495831938,
    0.4971391585760518,
    0.03886084142394822,
    0.03880906148867314,
    0.5146518257977398,
    0.0649981910563692,
    0.5202330097087379,
    0.2003335879934789,
    0.05479259601977019,
    0.46741747572815534,
    0.47631304751377695,
    0.49742394822006475,
    0.08921682847896441,
    0.0749514563106796,
    0.10257605177993527,
    0.0007134850332232126,
    0.0013555139980518463,
    0.002732977519910652,
    0.0013824396668313226,
    0.17586115933407545,
    0.15779758430179905,
    0.5307454312988474,
    0.5307165735258079
  ],
  "scale": [
    0.1718862435458426,
    0.2331105573519507,
    0.14324164454328656,
    0.003333409393875522,
    0.0058573023918876985,
    0.009145331671127339,
    0.017971211963407892,
    0.4633833289519501,
    0.41609671359954076,
    0.912587002745071,
    0.49999181551936117,
    0.19326323092552028,
    0.19313963403465775,
    0.30523994016443196,
    0.07486052588612653,
    0.4995904575931431,
    0.04790029436812913,
    0.053662767281408445,
    0.4989372496738189,
    0.27665898996750665,
    0.49999336391318944,
    0.2850564610653817,
    0.2633129991238335,
    0.30340435952895484,
    0.05897834301449258,
    0.0592450448772095,
    0.06576997778947634,
    0.08343622748653065,
    0.19356729093082464,
    0.18926095424037903,
    0.2992958053618986,
    0.2782823848123333
  ],
  "n_features": 32,
  "sequence_len": 20,
  "version": "2.1-LSTM-32feat",
  "feature_names": [
    "rsi14",
    "rsi7",
    "rsi21",
    "e8d",
    "e21d",
    "e50d",
    "e200d",
    "ebull",
    "ebear",
    "mhist",
    "msig",
    "mcup",
    "mcdn",
    "bbpos",
    "bbwid",
    "bbsqz",
    "aratr",
    "apct",
    "aup",
    "brat",
    "bull2",
    "pinb",
    "pins",
    "engulf",
    "m5",
    "m20",
    "m60",
    "roc",
    "demand",
    "supply",
    "sk",
    "sd"
  ]
}