{
  "mean": [
    0.5072623483734506,
    0.5068956995325793,
    0.5072063234959234,
    -3.378827504352334e-05,
    -0.00010096670108052856,
    -0.00026224573121659084,
    -0.0010702027190448208,
    0.2844555019955424,
    0.25592183693567616,
    0.0017706348728764333,
    0.501192142227751,
    0.0388223708080651,
    0.03877053853729332,
    0.5093702889634029,
    0.06566188269125024,
    0.5204478308194682,
    0.20070849935827462,
    0.05452872147367571,
    0.4712330897216607,
    0.47722435011834075,
    0.4920178303011455,
    0.08399419478567356,
    0.07528637329601409,
    0.09985486964183901,
    -0.0001133070415805744,
    -0.0002971429901470513,
    -0.0008471747992608794,
    -0.0002436049695735715,
    0.1736374484807046,
    0.1631507732239071,
    0.5251116120534622,
    0.5250884995951846
  ],
  "scale": [
    0.17109610012486742,
    0.2320458573115267,
    0.14334515165380143,
    0.0033404277450529833,
    0.005882291003536711,
    0.009294540195240852,
    0.019046948591885635,
    0.4511547067027079,
    0.43637810476139305,
    0.9091063215854367,
    0.499998578794889,
    0.19317141178990793,
    0.19304762075410714,
    0.3049654534962478,
    0.07574104202969009,
    0.4995817112492994,
    0.04822693896089661,
    0.05301330673632977,
    0.49917177892288533,
    0.2754972533247696,
    0.49993628090677583,
    0.2773791088528116,
    0.26385286674953395,
    0.2998063952797711,
    0.0601804592994409,
    0.05965192404596325,
    0.06735443828200709,
    0.08434718544974523,
    0.1971201847561428,
    0.20011587609828782,
    0.2974866989099883,
    0.27631105779038795
  ],
  "n_features": 32,
  "sequence_len": 20,
  "version": "2.1-LSTM-32feat",
  "feature_names": [
    "rsi14",
    "rsi7",
    "rsi21",
    "e8d",
    "e21d",
    "e50d",
    "e200d",
    "ebull",
    "ebear",
    "mhist",
    "msig",
    "mcup",
    "mcdn",
    "bbpos",
    "bbwid",
    "bbsqz",
    "aratr",
    "apct",
    "aup",
    "brat",
    "bull2",
    "pinb",
    "pins",
    "engulf",
    "m5",
    "m20",
    "m60",
    "roc",
    "demand",
    "supply",
    "sk",
    "sd"
  ]
}