{
  "mean": [
    0.5066672895258757,
    0.5060749972025569,
    0.5068751247999441,
    -4.1170658322675406e-05,
    -0.00011782095946366534,
    -0.0002823032425833116,
    -0.0010982322782819125,
    0.2899474188618644,
    0.24772709612246485,
    -0.00042702066315590434,
    0.4962312533996425,
    0.03864584142772036,
    0.03861993938922993,
    0.5079162464941839,
    0.06565639718303776,
    0.5223405081979952,
    0.2003615015038808,
    0.05472702407635211,
    0.4676095008677183,
    0.47592538673584456,
    0.4913875722019323,
    0.08490688217162691,
    0.07498640142979253,
    0.09884217887947781,
    -0.00022054173137816592,
    -0.00047582229473406467,
    -0.0008942750095759146,
    -0.0004598360390665773,
    0.17355539478278564,
    0.16346971604028304,
    0.5236425452243149,
    0.5236421196048814
  ],
  "scale": [
    0.17068355201392918,
    0.23196199294006642,
    0.14318530246478545,
    0.0033430869584042053,
    0.005875883766755584,
    0.009266821081351934,
    0.018901850806796332,
    0.45373771405648766,
    0.43169246225663455,
    0.9092668913650533,
    0.4999857963473186,
    0.19274942378140553,
    0.19268741440686296,
    0.3046649064543866,
    0.07575986825492285,
    0.49950065234537516,
    0.04806682501667757,
    0.05331097376932708,
    0.4989497525462475,
    0.27543936926807217,
    0.4999258205848375,
    0.2787430779975,
    0.2633694003304153,
    0.29845000009019124,
    0.060280134262903844,
    0.05952512567194329,
    0.06714883544847088,
    0.08432700276155883,
    0.19772466404755656,
    0.20083562287381113,
    0.2970310884562018,
    0.2758904331861845
  ],
  "n_features": 32,
  "sequence_len": 20,
  "version": "2.1-LSTM-32feat",
  "feature_names": [
    "rsi14",
    "rsi7",
    "rsi21",
    "e8d",
    "e21d",
    "e50d",
    "e200d",
    "ebull",
    "ebear",
    "mhist",
    "msig",
    "mcup",
    "mcdn",
    "bbpos",
    "bbwid",
    "bbsqz",
    "aratr",
    "apct",
    "aup",
    "brat",
    "bull2",
    "pinb",
    "pins",
    "engulf",
    "m5",
    "m20",
    "m60",
    "roc",
    "demand",
    "supply",
    "sk",
    "sd"
  ]
}